path,sha256
config/p15_crs_snapshot_aliases_20260911_v1.csv,fc571be75239daf2e16be51ef2fedf06a5345b2a71087b7ee11cd6c6a2475c37
data-derived/p15_loan_comparisons_20260910_v3/paired_comparisons.csv,f7ad0d42ee8a6078a652e113f8fe71c4cbf94178184c1d4b07957ab6f6e7b124
data-derived/p15_peer_history_matching_20260907_v1/history_comparison.csv.gz,f56c52c4cd98c4d1d5f9eec8fef7e8e9b0cba3cdcc1f2149a4effce0bc34cc98
data-raw/ids_counterpart_area.json,30696a60d5f88194c56e5c36bf8b42300bdd75777ce820d0e325512a4a12cf3f
data-raw/ids_indicators.json,bba6545b2a1d0aa16ab81bade65d11cf0814aac114488b88b41044554ddf33ce
data-raw/ids_terms_all_lenders/DT.GPA.DPPG__001__YR2024.json,b5309d65e5fd5c42cba3522c77e9a9feadf8f6528bc033973b8f54a539d0fc0c
data-raw/ids_terms_all_lenders/DT.GPA.DPPG__002__YR2024.json,a76e9cf23eccee5ecae320f237ed87507886a9b9b532d2bcc3aaa6a4cf559988
data-raw/ids_terms_all_lenders/DT.GPA.DPPG__003__YR2024.json,f11dc50da910fec40c36ca7cda0858d077484af7245ae8e2baaa9821c93bf1ca
data-raw/ids_terms_all_lenders/DT.GPA.DPPG__004__YR2024.json,64bd13bb55f0d195b5cac80042fac79554ad6f6b88aaefcf6f6e3cea8cf4ac83
data-raw/ids_terms_all_lenders/DT.GPA.DPPG__005__YR2024.json,621274bda45af89c24939fcd410ef252149bffd85ffc396baea784a5ec56687f
data-raw/ids_terms_all_lenders/DT.GPA.DPPG__006__YR2024.json,e8d32910e731c97a8d3dcc122850cd6409d60558c85347d7dcedc9b35f3e5c9e
data-raw/ids_terms_all_lenders/DT.GPA.DPPG__007__YR2024.json,c6cf2b5216fba274a315c84e95336af2142647cc849a6198241e01c45ca67090
data-raw/ids_terms_all_lenders/DT.GPA.DPPG__008__YR2024.json,5ed39db6eb928f66167df64e53482275ab322ade0b9e5a6303b52869856927fa
data-raw/ids_terms_all_lenders/DT.GPA.DPPG__009__YR2024.json,0e4fdccbe81d2ae9e3de10b05b7f45795fdfab640a6979ada68917ea18796c64
data-raw/ids_terms_all_lenders/DT.GPA.DPPG__010__YR2024.json,42480a6d43dd6b97738f11f96278b9f220c553ea99761bcbfd63ff5eee3485d7
data-raw/ids_terms_all_lenders/DT.GPA.DPPG__011__YR2024.json,facf52ecab1e6c92fa8211945e22a8003aa91055b7a9941fa234ce68eee3a268
data-raw/ids_terms_all_lenders/DT.GPA.DPPG__012__YR2024.json,cd226e032528c95ca46267ed532718f082c5c05cee0fc753318ff96fe8ef9fc3
data-raw/ids_terms_all_lenders/DT.GPA.DPPG__018__YR2024.json,d18c0aebf2660f3fdb0874bc29e3e2aa36e06f964df8b8f9f0ea820042ded03c
data-raw/ids_terms_all_lenders/DT.GPA.DPPG__019__YR2024.json,c56eca1b00421a3dd89bba025822f3b9ae83b9753ea9f5a09049cdc30ee7a2f6
data-raw/ids_terms_all_lenders/DT.GPA.DPPG__020__YR2024.json,9dc70741dd11fee5498a11d1848012c98292d5de74ab7c4878e4170209dcf8f8
data-raw/ids_terms_all_lenders/DT.GPA.DPPG__021__YR2024.json,55ab90f1a45528a88f33b1ac15ace7193add1218c01535e6f75855b5c72a5459
data-raw/ids_terms_all_lenders/DT.GPA.DPPG__022__YR2024.json,1eb71b04c18e92fb17255e5936c8e9dbfe6730dc763f17c5c7634927a74eb26c
data-raw/ids_terms_all_lenders/DT.GPA.DPPG__025__YR2024.json,87c968d4e9523373203fa3195376cb8fb79b571a01d220860ef13c6a27f76846
data-raw/ids_terms_all_lenders/DT.GPA.DPPG__026__YR2024.json,9d2f6f21befb850df17cf9b2d5a53397b53da63a691de860cacf1d592d1c9aa1
data-raw/ids_terms_all_lenders/DT.GPA.DPPG__030__YR2024.json,e095da415af96f33312a366519cc3ce1b793ea7fb9487f76daa1478dc9241ee9
data-raw/ids_terms_all_lenders/DT.GPA.DPPG__035__YR2024.json,bc3355a420bb3df25a354d5132045025640e91f86d8af16466a5acd509c92225
data-raw/ids_terms_all_lenders/DT.GPA.DPPG__040__YR2024.json,71da87a88c162471f5658ec62a2651768baffcdedb829e7f05e70f7e8ef6eaa3
data-raw/ids_terms_all_lenders/DT.GPA.DPPG__044__YR2024.json,215b983bfb3ee48c116810f7eed9d75f5ee31c5e4666eeae6f3955e09dbe2c37
data-raw/ids_terms_all_lenders/DT.GPA.DPPG__045__YR2024.json,823af0620feed899b7d801401bb09d8fda9c68794dc03771bbfd7e4980211827
data-raw/ids_terms_all_lenders/DT.GPA.DPPG__050__YR2024.json,ef567b7a92bed30a653fcac297239a2d77ca2875fe1fb87e72b89de369daf418
data-raw/ids_terms_all_lenders/DT.GPA.DPPG__055__YR2024.json,0011c1afabb7e16405aa0e88c34f283b318f798774eb82f934a346a822472134
data-raw/ids_terms_all_lenders/DT.GPA.DPPG__060__YR2024.json,06f710a9adb825961fa3a70775f141d57602402046a6b6693dcdcfef547116a3
data-raw/ids_terms_all_lenders/DT.GPA.DPPG__061__YR2024.json,709cb6ee52b12eda13eba9d6e1f464cb426b9f846cfe7c11719bd41c2af074ec
data-raw/ids_terms_all_lenders/DT.GPA.DPPG__062__YR2024.json,0e806875fe145c462a1e58f802975a850c935d5c4a484763cd2a77f047dba453
data-raw/ids_terms_all_lenders/DT.GPA.DPPG__063__YR2024.json,311eedb858ef3ac34177e166bece6d2e5943350dc45bec473792f90e85328edd
data-raw/ids_terms_all_lenders/DT.GPA.DPPG__064__YR2024.json,89ad12a7b78a00bd51dfa9a3aded2c47ad1496b6fca9fa9769904e539c694cd9
data-raw/ids_terms_all_lenders/DT.GPA.DPPG__065__YR2024.json,83be06168fda8fd9653b23bc3bb7185e518479f7fc3f7e08d6ff484e98d16f9a
data-raw/ids_terms_all_lenders/DT.GPA.DPPG__066__YR2024.json,ddad2caabe7293eb5f2a4666d125d92502965b7e55bf1c94d0c139a417455575
data-raw/ids_terms_all_lenders/DT.GPA.DPPG__068__YR2024.json,d0ba414072a2b90a2ecb91a06842384963ea669e874d0d6a13bde3c84a9a2aee
data-raw/ids_terms_all_lenders/DT.GPA.DPPG__069__YR2024.json,51a9e90d5937e64c3be671140d796d130ece06d966e7116d9c068327114b37ed
data-raw/ids_terms_all_lenders/DT.GPA.DPPG__071__YR2024.json,66e212cd4b81cbcab1205c7ef1ead4454bc19fa76905bdb369e9a31610a90958
data-raw/ids_terms_all_lenders/DT.GPA.DPPG__072__YR2024.json,76864ccf3dad3a1feb564ec0f0600b6ff87742453fda310126085e3c66c75ee7
data-raw/ids_terms_all_lenders/DT.GPA.DPPG__073__YR2024.json,a084f2983d47bac59175dcb9b8985e75716524a0a042325319b047a1e4622a36
data-raw/ids_terms_all_lenders/DT.GPA.DPPG__074__YR2024.json,f7a2e5ee55361d2c3308a875324cc35cf8119c50499422f8b11b8b72a782efdd
data-raw/ids_terms_all_lenders/DT.GPA.DPPG__075__YR2024.json,1abf1c6450eac371c606a1ec7eeae0069fa204259c56737413cd09f57377e19c
data-raw/ids_terms_all_lenders/DT.GPA.DPPG__076__YR2024.json,32a80dcdde9a7cbe5481354838972a97db559ec1b29366bfaf6a206e9f258fde
data-raw/ids_terms_all_lenders/DT.GPA.DPPG__077__YR2024.json,47f88cd83c23e16d3fed69eb4f0bc9046e5648cced01d21eaf2300f50735db24
data-raw/ids_terms_all_lenders/DT.GPA.DPPG__078__YR2024.json,52e5387018772306aa6563802add88319108cd809f84c47fb0c8834271d4fa26
data-raw/ids_terms_all_lenders/DT.GPA.DPPG__082__YR2024.json,0f7a3c25823b09a3659ac1f848ea8aa9bd6385b7a1e5ca2024011e4dd51e50f6
data-raw/ids_terms_all_lenders/DT.GPA.DPPG__083__YR2024.json,6e53765d9b3433dae29998c7e69113551ddf339e7516ea76ff19bcc1b163c883
data-raw/ids_terms_all_lenders/DT.GPA.DPPG__084__YR2024.json,38a6aa23f1de2f6880938594858e321f11056a190c782fab3b30e9e57df78301
data-raw/ids_terms_all_lenders/DT.GPA.DPPG__085__YR2024.json,57001ddea10e7acef19a441e3d9a5ecab9233ced87e36d3bb2a06cb5cfed6a25
data-raw/ids_terms_all_lenders/DT.GPA.DPPG__086__YR2024.json,5b6fcfe8caf100701469d436c25d22329d99366f2d3ce1acc8267df6cd777ea9
data-raw/ids_terms_all_lenders/DT.GPA.DPPG__087__YR2024.json,fcb9fe68c4d7e525e3500cfc32e82ecc9fc13eae5b1197ece84f7d626527977f
data-raw/ids_terms_all_lenders/DT.GPA.DPPG__091__YR2024.json,27a6d4433dc7b3967fa4f39e324d911a2d45828070522222a235c5e712ef651d
data-raw/ids_terms_all_lenders/DT.GPA.DPPG__093__YR2024.json,c84d6af46f0f971727c9b63ef1b0c9bcdf860b833068398701a89f1d4b1b676d
data-raw/ids_terms_all_lenders/DT.GPA.DPPG__095__YR2024.json,2e6147fabe4a74ba09dead72d1ff345e75880523514c1a9c2c707a47ec7915ac
data-raw/ids_terms_all_lenders/DT.GPA.DPPG__130__YR2024.json,60441ce05729f5655999e1167f431265877a3d5195433f936cf6778ebe37a07d
data-raw/ids_terms_all_lenders/DT.GPA.DPPG__133__YR2024.json,2d4e65eac3a42209fa89182cdbef1ad030874851738aa0266c26b5ec14eaf957
data-raw/ids_terms_all_lenders/DT.GPA.DPPG__136__YR2024.json,9809746ae5f7ae15199a40ff3f729c470c8e9d76ac78a9bc778907423824f77b
data-raw/ids_terms_all_lenders/DT.GPA.DPPG__139__YR2024.json,d746026158aacefc3bf2b3f8ad70f0e7936239e280b70fd5fc2c1a9bd7d48dd0
data-raw/ids_terms_all_lenders/DT.GPA.DPPG__142__YR2024.json,10bff3a020add4a3ad7d8478c4ecd7ecfe8d646427afb817087a24ea244fab24
data-raw/ids_terms_all_lenders/DT.GPA.DPPG__216__YR2024.json,ccd187e1aba2f9c031aac20245018e13041110b9ac24d9ae83d01073a937ac7a
data-raw/ids_terms_all_lenders/DT.GPA.DPPG__225__YR2024.json,cde7224d5b73efb89bfcfd4d3ef1abfa0aab63be63b10038724cac89c46b98b1
data-raw/ids_terms_all_lenders/DT.GPA.DPPG__227__YR2024.json,f10b0d1d9c66c131549a5066874164d041e665a30c67db631bee350c22e177d5
data-raw/ids_terms_all_lenders/DT.GPA.DPPG__228__YR2024.json,5f8a179d771d293f7ae2e337b997f8101b55941b13b52d9c820fcddeb84a928e
data-raw/ids_terms_all_lenders/DT.GPA.DPPG__229__YR2024.json,4844c075fd8e82535f9f4b85ea18f1f5f9a8f43979167b28d16c8420792547a8
data-raw/ids_terms_all_lenders/DT.GPA.DPPG__230__YR2024.json,033b0370bd7691fc8c2ae4683e4fa337830d749487028de03da8ef18ef162d02
data-raw/ids_terms_all_lenders/DT.GPA.DPPG__231__YR2024.json,4c5e9813c524c3cc9c871f82a96388e8f920129d83284dd734e1ff32bcb47ef6
data-raw/ids_terms_all_lenders/DT.GPA.DPPG__232__YR2024.json,6a6863edaf0c58e67a74971e9d98429fda51a7c6cf9df01c4d8cc34f203f3f5b
data-raw/ids_terms_all_lenders/DT.GPA.DPPG__233__YR2024.json,b8870650908c3b14c61c686c25bcdbe25ecd64b3ce8158ab811a69858472f3b5
data-raw/ids_terms_all_lenders/DT.GPA.DPPG__234__YR2024.json,f432c39dfedcea75f15ae61fb518d5c8600e4749d775d042d719f4b1c406bda1
data-raw/ids_terms_all_lenders/DT.GPA.DPPG__235__YR2024.json,659fe01936aeb873a50da9cb24885d4465f408a961da17b281d57dece2c78cc6
data-raw/ids_terms_all_lenders/DT.GPA.DPPG__236__YR2024.json,9987f7906d766a8d67300da0be96f319ee8887f6a575172983fe020bef69cad8
data-raw/ids_terms_all_lenders/DT.GPA.DPPG__237__YR2024.json,ceff0c001267b2e08ea3d3f768a2322ec745a408bca6c857c5529cdd54e43bc9
data-raw/ids_terms_all_lenders/DT.GPA.DPPG__238__YR2024.json,6eca46924334c2d4719badc7d41dc742fe52381a6d73cbc5582941d95d37ab66
data-raw/ids_terms_all_lenders/DT.GPA.DPPG__239__YR2024.json,c8b291f5dcfe25a2e25e1826ca26d1288b26a9aee8c74ce2276d9830d42d3d45
data-raw/ids_terms_all_lenders/DT.GPA.DPPG__240__YR2024.json,171aef70f5983888985454d034b0b5bd588452b27290bfc7c56bd51501476706
data-raw/ids_terms_all_lenders/DT.GPA.DPPG__241__YR2024.json,de0f5660f1fa4edf8d29ed1636ab7a9ef4a3d4461f88469d71b1870bf5edc8da
data-raw/ids_terms_all_lenders/DT.GPA.DPPG__243__YR2024.json,408cd4fd4fc54942bb394dea757377045d147946d94f7bd6c246eb8fc7dad7da
data-raw/ids_terms_all_lenders/DT.GPA.DPPG__244__YR2024.json,89e915307d3fb2564c45cd93c0385f6fcf1009d240d83e0c3b6350ef72867ebf
data-raw/ids_terms_all_lenders/DT.GPA.DPPG__245__YR2024.json,c7a9ef97822f68ea99bb574270119ee55b0fc8007f8df1e50c11097a3bacf0e7
data-raw/ids_terms_all_lenders/DT.GPA.DPPG__247__YR2024.json,f18aa6b728e45d1ee86817c9954c7c96615afe463a685f893a423837b2c2bab2
data-raw/ids_terms_all_lenders/DT.GPA.DPPG__248__YR2024.json,eb72a47940e487055623b7e4bcb8887d1d1187b357fad256ddb669ffaa739a29
data-raw/ids_terms_all_lenders/DT.GPA.DPPG__249__YR2024.json,cefac7c441793e6d9096051bcc0d6e9fc5a04d73c0723da36b851ce9e2aaba93
data-raw/ids_terms_all_lenders/DT.GPA.DPPG__251__YR2024.json,0ccbddef09e5e75d0d64301fdf7cdbc59c252cd31deaf930446691ea7e124260
data-raw/ids_terms_all_lenders/DT.GPA.DPPG__252__YR2024.json,cc540bdd0fe0071bd1b1c32779785772e5858766007d2276233bf1aa200efc1f
data-raw/ids_terms_all_lenders/DT.GPA.DPPG__253__YR2024.json,1c6c801c43a18d02bf155c3852c3faebf82047653c946c509902ecf7e73c2d1d
data-raw/ids_terms_all_lenders/DT.GPA.DPPG__255__YR2024.json,190f04b558438dcf117a757456a601040aac2c7bbaeacaf1f39dd46826add4ea
data-raw/ids_terms_all_lenders/DT.GPA.DPPG__256__YR2024.json,244412770abb31e2bc20b93005a9ddb40ed25481a1a3f6bb38ad027ec9dbd50a
data-raw/ids_terms_all_lenders/DT.GPA.DPPG__257__YR2024.json,b79d87d3d17f98a025e82c9a7c4fd7b83d10b18f0d03a29e9b1a9c7d044f63c3
data-raw/ids_terms_all_lenders/DT.GPA.DPPG__259__YR2024.json,26447f54a232ab0a044b61721f5336ace6cf3b37b8f27e9a90877e8ccd1e09b2
data-raw/ids_terms_all_lenders/DT.GPA.DPPG__260__YR2024.json,fced86ca55eeaefc9cc833d142e568f96d64c7660afe01c479f6fb9c64fc6c5b
data-raw/ids_terms_all_lenders/DT.GPA.DPPG__261__YR2024.json,bdd7eb854e6dc5f2412b5c49486c265c2b857f7720ae3d9bd1e8550d754c0bbb
data-raw/ids_terms_all_lenders/DT.GPA.DPPG__264__YR2024.json,701eda4a843895520e53f7cbb4a4e6247ebc85543d3c896571a32f7a22caaa21
data-raw/ids_terms_all_lenders/DT.GPA.DPPG__265__YR2024.json,9b6e7d784c08fbffe03b86725110d927b13da8b333ba3aae138bc5a951f18ff2
data-raw/ids_terms_all_lenders/DT.GPA.DPPG__266__YR2024.json,455dbccd46ff063c94c457a672b28cbc1a04516ed8f2a2a19edec486448e95c2
data-raw/ids_terms_all_lenders/DT.GPA.DPPG__268__YR2024.json,3148e238537db7f27f2b11788a3fbef57e8a81c42a0868c62dcd00df905a0c1c
data-raw/ids_terms_all_lenders/DT.GPA.DPPG__269__YR2024.json,8f332b3b25364d33b11d02a34b2ed55fc8c1bb9c2c1f52327f17da68abc4dafc
data-raw/ids_terms_all_lenders/DT.GPA.DPPG__270__YR2024.json,bc6105d3fe28c04d0d71740b9a44a7447c253550452d5aac889d17d7c10035cc
data-raw/ids_terms_all_lenders/DT.GPA.DPPG__271__YR2024.json,e1985910227cf4e1d2b8342944b99e2b9298734ac7d3af1624341f3d44af381b
data-raw/ids_terms_all_lenders/DT.GPA.DPPG__272__YR2024.json,38b80d8116240c5de5db698b77cb276ed0d8a877005dba32ddc3d789becba851
data-raw/ids_terms_all_lenders/DT.GPA.DPPG__273__YR2024.json,8ed0406ce626efda968646fee05d28144d916e69a488ad2fd0af0e1465a605c0
data-raw/ids_terms_all_lenders/DT.GPA.DPPG__274__YR2024.json,960fc5c76e719c828c99c02ba73050c0c1b0939d51827c7aef3b803726c9d3a3
data-raw/ids_terms_all_lenders/DT.GPA.DPPG__275__YR2024.json,2996ea1f4f01dea4516fdd497099d95347e1e56c38934f8fe37a459043ac2a42
data-raw/ids_terms_all_lenders/DT.GPA.DPPG__278__YR2024.json,f419d42b68f2d64b457af619fd3eaaa6d88df1af4aa0421517935f5872d02d07
data-raw/ids_terms_all_lenders/DT.GPA.DPPG__280__YR2024.json,083ab81aaae4f2a76a52796cde43a50564ae8ea0d44974bf53f59afd34bf9b38
data-raw/ids_terms_all_lenders/DT.GPA.DPPG__282__YR2024.json,053f10e36bb29c3bf109111600011849e1af52a1d310b10019eeb16927151f4b
data-raw/ids_terms_all_lenders/DT.GPA.DPPG__283__YR2024.json,76b0e81e349feb448239afd88e4de2b8c10c5f586a6ee7912b1427cd347f483c
data-raw/ids_terms_all_lenders/DT.GPA.DPPG__285__YR2024.json,64d423432230188971e829c88bad6d28eb23f5fb62499541ba69400d4c92e1fc
data-raw/ids_terms_all_lenders/DT.GPA.DPPG__287__YR2024.json,038e3ea5587616a5e8cbecacec70cfbef23f74b3557c67dd9eca49f56de756ab
data-raw/ids_terms_all_lenders/DT.GPA.DPPG__288__YR2024.json,4344cf5cf5bf31059de2598d0d52d7d4454805fc0135e70721e90a3e873101ad
data-raw/ids_terms_all_lenders/DT.GPA.DPPG__301__YR2024.json,053377d0780685734fe443af8b022e69ed002b34ebf279654d9aec4856b4f3aa
data-raw/ids_terms_all_lenders/DT.GPA.DPPG__302__YR2024.json,1b5a795be0eec08b3c41d3393a9ae1ee8a49a37fed47972890299e006909467e
data-raw/ids_terms_all_lenders/DT.GPA.DPPG__328__YR2024.json,c3bef6397312e3cc584708349a1db96f6c2a749a84ed02aa468ce0ce7897e853
data-raw/ids_terms_all_lenders/DT.GPA.DPPG__329__YR2024.json,86c1f9519991ab12a140e4bce9710681072b6c75cf7d6ba366569179b21ce8f4
data-raw/ids_terms_all_lenders/DT.GPA.DPPG__331__YR2024.json,3a5f33c324da6c1a4b57a545c0992e0dee253c20a77247c2667c722e0f05736e
data-raw/ids_terms_all_lenders/DT.GPA.DPPG__336__YR2024.json,232e4c855e2e278ea5ddf5edeff4b200268bb32b6427710fae617e9b5628f49f
data-raw/ids_terms_all_lenders/DT.GPA.DPPG__338__YR2024.json,96e1b0096d1534fbd27e74d9bd211e4de80a18bb21c9e70932c2577b067c23dc
data-raw/ids_terms_all_lenders/DT.GPA.DPPG__340__YR2024.json,6a81223d815625b0186d8f118853ff0359eee96cd7885af5f40db2a936bb767e
data-raw/ids_terms_all_lenders/DT.GPA.DPPG__342__YR2024.json,d5ec201428d854c989640270191ec29e247ff2b8e1b96e3214f42b39b480c094
data-raw/ids_terms_all_lenders/DT.GPA.DPPG__345__YR2024.json,6e92c99130fe4d2893599a5bcdd0906ba6dd44426c549902ced6f3a56d801276
data-raw/ids_terms_all_lenders/DT.GPA.DPPG__347__YR2024.json,20144b85252c5ef8f21e70150b71335b071d9cdbad893666f3395568b4deb321
data-raw/ids_terms_all_lenders/DT.GPA.DPPG__349__YR2024.json,d48427df228b1b4feac6ff161ee9c5a3bc9c8d5aadb3a6702132c5ceb3b52220
data-raw/ids_terms_all_lenders/DT.GPA.DPPG__351__YR2024.json,764582a7e3d37ce5a71fde6f6bc20d898602e819d71f3594d6f6a819a8ecb67b
data-raw/ids_terms_all_lenders/DT.GPA.DPPG__352__YR2024.json,3f6835aaed4f276c4c9134d1525b9c97624d3291c31747b82dafce75c9235c62
data-raw/ids_terms_all_lenders/DT.GPA.DPPG__354__YR2024.json,1da059321b858a2d146e37d3dce274e4e56f7c5da325d556eaba4db263399a1b
data-raw/ids_terms_all_lenders/DT.GPA.DPPG__358__YR2024.json,12b557a265b6f8590c9bcfcb1fc603080c9f01c9687b1fb39131e6f4a5bdf008
data-raw/ids_terms_all_lenders/DT.GPA.DPPG__361__YR2024.json,ca99167c2d4510bc330e1e7fee6881570feac91779773e9fc334892c173f258e
data-raw/ids_terms_all_lenders/DT.GPA.DPPG__364__YR2024.json,871565794b553ebc7b1f2727243302e1860c472c21c91b0170b0a1761344fabf
data-raw/ids_terms_all_lenders/DT.GPA.DPPG__366__YR2024.json,2092f68a20384ab0fcde2223d2b5adffb9b2e7570a9bee128f65444466ee587a
data-raw/ids_terms_all_lenders/DT.GPA.DPPG__368__YR2024.json,06a7fe9de2fd3493463e2980240a237c18e044fcc6f5942b86fd14b12459ba87
data-raw/ids_terms_all_lenders/DT.GPA.DPPG__373__YR2024.json,a9435032503c4f7154d479bb91a8ba92b5080eebc25785e7e87c757633a54f0d
data-raw/ids_terms_all_lenders/DT.GPA.DPPG__375__YR2024.json,eb943e4a587a964fd5be212545e7c3b47fb2bae6d3b9501b4f15b8a48eeb68d5
data-raw/ids_terms_all_lenders/DT.GPA.DPPG__376__YR2024.json,2e3902ea950a5918d0acc570096e832c4321ed9cd266263b0bc1e6934e7452ac
data-raw/ids_terms_all_lenders/DT.GPA.DPPG__377__YR2024.json,a5f345a3fee3c43748d07227d72820beced5ab4e12427658127a42cbcda563df
data-raw/ids_terms_all_lenders/DT.GPA.DPPG__378__YR2024.json,d6baec73ce6c75c855d55d2c4f4df4d8c3fb8c84f2bb302499b4d3fcf17fdff0
data-raw/ids_terms_all_lenders/DT.GPA.DPPG__379__YR2024.json,ee95bab05ffd21c81d20dbc5ecd1f5f50321755ecb930caa19db6198442b0ef3
data-raw/ids_terms_all_lenders/DT.GPA.DPPG__381__YR2024.json,d08fee3736ef17ceeaf0fa2c82439491f057ae2ea38603cd8b1be871801030ee
data-raw/ids_terms_all_lenders/DT.GPA.DPPG__382__YR2024.json,e07db7b485f47e16f3f6bd095f06f796a8070009c4d5214235989b9c7de8c5a4
data-raw/ids_terms_all_lenders/DT.GPA.DPPG__383__YR2024.json,f74660d2955876e510281110dc365b2c6403e7688f10eaf610059772944a1b6d
data-raw/ids_terms_all_lenders/DT.GPA.DPPG__384__YR2024.json,69543dcbd59307f2ef4c4a298de39fc45181f1dfe9d801debb7ad20dac7c9d74
data-raw/ids_terms_all_lenders/DT.GPA.DPPG__386__YR2024.json,8fa2d8200fcc85bb541c6d18b55f1db0ad34412c282bb1fa14ce1c9e9080cb7e
data-raw/ids_terms_all_lenders/DT.GPA.DPPG__425__YR2024.json,8455fa9cb782e83ace2b067c87ea81e2bf9b30ed5827df1d10f56f8960ea1710
data-raw/ids_terms_all_lenders/DT.GPA.DPPG__428__YR2024.json,c77bccf1ea949fb5aa56b15dacfa5dbae8dd155c999516cd39243842489b6b4c
data-raw/ids_terms_all_lenders/DT.GPA.DPPG__431__YR2024.json,85c67940ccbd6e90a50af61aca4107ca9286a4d98558fb7bdd7ca5cf907ce072
data-raw/ids_terms_all_lenders/DT.GPA.DPPG__434__YR2024.json,3d5cc84d1a1e3b51d97e70f43f7eb8473af9c36a84ca80bf70a0cf7608a498ff
data-raw/ids_terms_all_lenders/DT.GPA.DPPG__437__YR2024.json,c413e09745171f8c933b43265b5d5def6022e68461267872c56f1feff164ee7b
data-raw/ids_terms_all_lenders/DT.GPA.DPPG__440__YR2024.json,29f1c1ce38476d11156e6adda0f83c3aa208d6d1f59e5e25f5b98226bae9c97d
data-raw/ids_terms_all_lenders/DT.GPA.DPPG__446__YR2024.json,5a99400ccced5858a839c0073f687844cec9fb9c98976636ff8d7cd637767335
data-raw/ids_terms_all_lenders/DT.GPA.DPPG__451__YR2024.json,5c3bf6dc915b727d25da9ad280d4efdf5affb69f9fd47f6f6b5d5f27a75d5e29
data-raw/ids_terms_all_lenders/DT.GPA.DPPG__454__YR2024.json,680159e3bfb02ff62c26e9d32727bbde41ea24c1f572f3e84a62d689daa3b8f0
data-raw/ids_terms_all_lenders/DT.GPA.DPPG__457__YR2024.json,4e5a4c5e1b4b621bdc0f031959bdc2599902d3747005791aaccc5b0a169ecdf1
data-raw/ids_terms_all_lenders/DT.GPA.DPPG__460__YR2024.json,b94c9ab2a640fe0d85c6fa935d219aaad1419ae652e56de971c4169574c59386
data-raw/ids_terms_all_lenders/DT.GPA.DPPG__463__YR2024.json,ed5dab40ec74aa115c7fa21dbb5cc13c3e016430590242905ddaa418307e8f1d
data-raw/ids_terms_all_lenders/DT.GPA.DPPG__520__YR2024.json,082960c5d7175078fd17fdae959b62a2d9774b7a8cbb03e96d31b77429e24d0c
data-raw/ids_terms_all_lenders/DT.GPA.DPPG__521__YR2024.json,ac0e39fb3d72280c4c604b83a899dadf1a61d366b62b40953db9bf7c39a55d8f
data-raw/ids_terms_all_lenders/DT.GPA.DPPG__522__YR2024.json,41dab921b2d9bd837d9349f71f00eba3ab52d8b6ce80623c44f3b1d4ad0f82f9
data-raw/ids_terms_all_lenders/DT.GPA.DPPG__523__YR2024.json,0c0729b654adf9c3b06dd8f169b9258b7f3cdb3affdb8e54a0fc2a7b6178f0ba
data-raw/ids_terms_all_lenders/DT.GPA.DPPG__524__YR2024.json,33cd440e85e3a72ca96ff3678311dd0f3399ba71218067fad2e9ea431bb4b0d4
data-raw/ids_terms_all_lenders/DT.GPA.DPPG__525__YR2024.json,aa5224abcb186f4959d87263d1406edeb5a0ee242f1e232a837cd7f85684e93a
data-raw/ids_terms_all_lenders/DT.GPA.DPPG__530__YR2024.json,0a2101e4cd503c594b69d0ff72d9a214373b3f1b19f047d63aa7f308c133ec6f
data-raw/ids_terms_all_lenders/DT.GPA.DPPG__540__YR2024.json,a771d140bcc387c394511c5a0c253fc41f88fda2c591b0ff309cd67285c17365
data-raw/ids_terms_all_lenders/DT.GPA.DPPG__543__YR2024.json,1b371d9f34265858f2a404e8a5a0252642050d2bd31e9563c1fa050b89835265
data-raw/ids_terms_all_lenders/DT.GPA.DPPG__546__YR2024.json,6237e7c4be5c7b862e0e26ff06948affbf494057d2cef285063ced1497da6df0
data-raw/ids_terms_all_lenders/DT.GPA.DPPG__549__YR2024.json,4a3bb0744e1abacc8477fe7f9382e7686ca56510c3cf35dd98ac42017fa17593
data-raw/ids_terms_all_lenders/DT.GPA.DPPG__552__YR2024.json,4f90629fecadeb8950b4d8c63a48ee7052c6f9e1187ef3c93eb2c0de6fbaa4ad
data-raw/ids_terms_all_lenders/DT.GPA.DPPG__555__YR2024.json,e4c6cd283cda3be5d43034266b5cc1914f03015a6773b001b9f4886847565be0
data-raw/ids_terms_all_lenders/DT.GPA.DPPG__558__YR2024.json,bbe11b942984836629d86b59a704853d97860524c18d8ca3046fdd66a09324bf
data-raw/ids_terms_all_lenders/DT.GPA.DPPG__561__YR2024.json,55089c7a076db84386cf0665aa5ab6a013a8fcaea4f2eb691db90e1c852f55c2
data-raw/ids_terms_all_lenders/DT.GPA.DPPG__566__YR2024.json,0418aef091ddc9eca5ef113b1231db7a6b5f6cb529393ed5ee603e7a82548b66
data-raw/ids_terms_all_lenders/DT.GPA.DPPG__573__YR2024.json,0c146148bfd4ed16ffc304ad6b6283b5baf4ad1c03422f13529c403462fd36cc
data-raw/ids_terms_all_lenders/DT.GPA.DPPG__576__YR2024.json,9a4f833c6eb89ef2f3e8beddb246d66dd6e320258a3e973d796adc86f99e2e8d
data-raw/ids_terms_all_lenders/DT.GPA.DPPG__580__YR2024.json,9bf8e5a8abecf7e55297a1fefb51080665556d4b319f31b5ad8325d1064f792a
data-raw/ids_terms_all_lenders/DT.GPA.DPPG__625__YR2024.json,3f1393ecec2b46f7df0105e582dde8c9fc49335be5f443c5c1d58d74e2f209bf
data-raw/ids_terms_all_lenders/DT.GPA.DPPG__630__YR2024.json,5115ae5dd372a05a83ba1995ed86a4927f7a378d6d9adaf871a927622194c733
data-raw/ids_terms_all_lenders/DT.GPA.DPPG__635__YR2024.json,6646d9f8aa8bdfed438d01a0478148c913731a7c24829647ac751cbbaa974a47
data-raw/ids_terms_all_lenders/DT.GPA.DPPG__640__YR2024.json,7c99b9e8c594a5268470d115810e568d97fd9aad8552f7f66b95f3f9090fdaa7
data-raw/ids_terms_all_lenders/DT.GPA.DPPG__646__YR2024.json,a290d7eb722ce00a44fbb3a07c741fb91c4c3bbab2a996a99f0184638104ba98
data-raw/ids_terms_all_lenders/DT.GPA.DPPG__655__YR2024.json,6c7780c147c2722c3129c4fa70eaa28dda501e662f134029fcdd61f23de265b3
data-raw/ids_terms_all_lenders/DT.GPA.DPPG__660__YR2024.json,b04a1da540a74ae7bf71ff47d9afea8904510043e8fa600dce5d7be4c68f194f
data-raw/ids_terms_all_lenders/DT.GPA.DPPG__665__YR2024.json,3f1b84f0902e7e40b920792cd1ef0dc89f73105925333d4dfd900f906e35adc4
data-raw/ids_terms_all_lenders/DT.GPA.DPPG__666__YR2024.json,96b910a43709e756d55976343329c70468062191cfa8824ca761b66851b69105
data-raw/ids_terms_all_lenders/DT.GPA.DPPG__701__YR2024.json,77360d8d0f5a5afdb802dbadace68350803b350087fff8fee7bf9ac2887d457b
data-raw/ids_terms_all_lenders/DT.GPA.DPPG__725__YR2024.json,3f23c8b07e726c4d6cfd65119e756d58be7dc57e9610f3610124a3020c28eb3f
data-raw/ids_terms_all_lenders/DT.GPA.DPPG__728__YR2024.json,e9d9440cad1ec12bb8ed239f82fdeadc7af3069adcb0bca15fd0d4cd824f9981
data-raw/ids_terms_all_lenders/DT.GPA.DPPG__730__YR2024.json,fcc7205f601907ce92c184187aec85589e09efab093da2924844d7e46c3cec7c
data-raw/ids_terms_all_lenders/DT.GPA.DPPG__734__YR2024.json,cad6bfd3f149da5ade16585de165b11af36446dbc3bde758baf7b5c198d6c0f5
data-raw/ids_terms_all_lenders/DT.GPA.DPPG__735__YR2024.json,1c4d70c68b8d2751058c77bb9b6ab5dc30badfda32ecb77dc3ea7ceb60fcecfe
data-raw/ids_terms_all_lenders/DT.GPA.DPPG__738__YR2024.json,61e365e50211c4ea9c98c88e85343ac056d7977a29696de0d7e283d20e7ebd6a
data-raw/ids_terms_all_lenders/DT.GPA.DPPG__740__YR2024.json,3df8d4cc1f8b4beab2f8f4843e019f8478c038e8ace333ecfe57f75e016a644d
data-raw/ids_terms_all_lenders/DT.GPA.DPPG__742__YR2024.json,cf9f20f352d16a5cc6339aa783bb39c3c986d743e06556f1230f4157277c3e17
data-raw/ids_terms_all_lenders/DT.GPA.DPPG__745__YR2024.json,dff9d55444494a84b120dd44d2170685ff1b8eec8557703ec7dd315fbb802933
data-raw/ids_terms_all_lenders/DT.GPA.DPPG__748__YR2024.json,a133412175651736e342a959a1d55d35338c98d4809b1338bf574726d41d1501
data-raw/ids_terms_all_lenders/DT.GPA.DPPG__751__YR2024.json,aad2e30b8e997c41a948a8926a7a19dd6675c882ff49904e30e68f4924040fe0
data-raw/ids_terms_all_lenders/DT.GPA.DPPG__753__YR2024.json,0e3bbfa1b92a89a38e7e3a481d1b32e83da7a171a7a9dfaad5a1c60ce7464b96
data-raw/ids_terms_all_lenders/DT.GPA.DPPG__755__YR2024.json,7c6a4f17585aed8f532d8d63ecbc127b3a56096cc686044232ad79c7959c16a2
data-raw/ids_terms_all_lenders/DT.GPA.DPPG__761__YR2024.json,db583883ab21c9142fd1624e3b5e31b196e9304557d6d6799ae03416237a3980
data-raw/ids_terms_all_lenders/DT.GPA.DPPG__764__YR2024.json,32dd6c443f9437f28f3240a87279862aa928146809c710eda35bec0abdb27f76
data-raw/ids_terms_all_lenders/DT.GPA.DPPG__765__YR2024.json,15cfd4b489eb4e74ae6faedbed9af90ead04652f2dab9c0dd5ecb8af71af8905
data-raw/ids_terms_all_lenders/DT.GPA.DPPG__769__YR2024.json,fea32c96872b8185b977086a543df3bc8730876bcacb688ee6edfed901646cbf
data-raw/ids_terms_all_lenders/DT.GPA.DPPG__801__YR2024.json,15024bcbc4173c33f172f59d107f43b7006e989f6901570b1f712b898ad6ba15
data-raw/ids_terms_all_lenders/DT.GPA.DPPG__802__YR2024.json,d4d5a46e6116e3a295cc3068406d635c64d1213a918213cf9d99835e43dcae65
data-raw/ids_terms_all_lenders/DT.GPA.DPPG__803__YR2024.json,f8a85e0e1b41436541662cba04c88ace17940a2e497249c8ea58b03214658498
data-raw/ids_terms_all_lenders/DT.GPA.DPPG__804__YR2024.json,c91ce069f65dad35dc60ce47a06ebe37fc40f919bb6f846dd8dc23f955b7f190
data-raw/ids_terms_all_lenders/DT.GPA.DPPG__806__YR2024.json,0c820ee766343f7aa7a116ec00bdf34025ba11ac5f382aa7b2a01207cefb51c2
data-raw/ids_terms_all_lenders/DT.GPA.DPPG__807__YR2024.json,679fc6488d2c50a714d7c99999af1469b7fd5727a71153dcc1eae0c650beea02
data-raw/ids_terms_all_lenders/DT.GPA.DPPG__808__YR2024.json,4a9f34a4117052eb4e2b9e907f5ca8887528273e554959060a0ef589011d587e
data-raw/ids_terms_all_lenders/DT.GPA.DPPG__809__YR2024.json,0ccc01b0b66c59c88a8a58bcbc6109da84c7c457fd72491679ad072db82933af
data-raw/ids_terms_all_lenders/DT.GPA.DPPG__810__YR2024.json,ea82b777c03a417bf03d81a0049cac4323db7d22e000523b8adf7f07e410c745
data-raw/ids_terms_all_lenders/DT.GPA.DPPG__811__YR2024.json,c4743e8115c1071ebb987b2ed06181f97a404a67c5bfe5dd9ed429e831ad2f93
data-raw/ids_terms_all_lenders/DT.GPA.DPPG__812__YR2024.json,7cb7a0e046b73b6f015016a418a866fcc46a3d426a07d07583659e797570789b
data-raw/ids_terms_all_lenders/DT.GPA.DPPG__813__YR2024.json,fcb68af37ec486c85caa3468d300ab6f8389f0636c377a44eb89c9f9c1c00b6d
data-raw/ids_terms_all_lenders/DT.GPA.DPPG__814__YR2024.json,ec5ff11dcd738ab5a2d0119be842df3ad288f12541fd23bbd9b527a496f32b51
data-raw/ids_terms_all_lenders/DT.GPA.DPPG__815__YR2024.json,481089522a84390bc3e28309f69aaa1c8ca82a3202613267e0477519122027c5
data-raw/ids_terms_all_lenders/DT.GPA.DPPG__816__YR2024.json,9b7617f506b3ef7ced09f1d6ec981ce91aaf7e40838fabb472859d31408c81dd
data-raw/ids_terms_all_lenders/DT.GPA.DPPG__817__YR2024.json,d4ac6103387312dc60c9f8d5e3bf22186abefe11b421c1ab8553bfe7d153010d
data-raw/ids_terms_all_lenders/DT.GPA.DPPG__820__YR2024.json,d1b393a170d2ad2fe2b7a9425a2fa3f921733dd9ecb47d1f89e3ac04e51351a5
data-raw/ids_terms_all_lenders/DT.GPA.DPPG__832__YR2024.json,9289997aea01b0767bbe5aa2d7b0adafc57d9d3d0fdd0b280062862196688907
data-raw/ids_terms_all_lenders/DT.GPA.DPPG__836__YR2024.json,5fd197b6b2e024c67c17e24dead9f507b7eec453a7d85788183fe4ad9b729888
data-raw/ids_terms_all_lenders/DT.GPA.DPPG__840__YR2024.json,7ee14f761e2c08787c33bf77f5d183f41f29e2f5e303a685d8c3b1f676674d39
data-raw/ids_terms_all_lenders/DT.GPA.DPPG__850__YR2024.json,0ff04d7b28879c6813fd84d1fc3f6625ca5111ede04111ef4f5050ce38ca2d95
data-raw/ids_terms_all_lenders/DT.GPA.DPPG__854__YR2024.json,68e635879faf90a8347cbe787a866c8dafe718a9f4004c24ba963a7f01b923d2
data-raw/ids_terms_all_lenders/DT.GPA.DPPG__858__YR2024.json,f76d78c93409c9b2b9a10baa27595254e4d34ae5d89cd7a672fdd07e101a40c1
data-raw/ids_terms_all_lenders/DT.GPA.DPPG__860__YR2024.json,44e8d4391c5b33181c093ded04c3a708bf524b33a01dc8bb372abd1c7aca985f
data-raw/ids_terms_all_lenders/DT.GPA.DPPG__862__YR2024.json,3b86ed625579f1697a4c8406da3617500a504f801afe1e3b1cd57941519fff67
data-raw/ids_terms_all_lenders/DT.GPA.DPPG__866__YR2024.json,8c129f0365d113b6c879e377f9d5af8a69406a1aa49c885816a330c409d986ba
data-raw/ids_terms_all_lenders/DT.GPA.DPPG__870__YR2024.json,d04af824ea110fca0dec1b60619c6eb6e01cc7ebe6904541308dbf31418e3d64
data-raw/ids_terms_all_lenders/DT.GPA.DPPG__877__YR2024.json,f244a1d2429a8069c5f8282202ad1b8016c8986e23aa4936a7120d94b298f707
data-raw/ids_terms_all_lenders/DT.GPA.DPPG__878__YR2024.json,3baacea9a05d2ffd09843a1bb8d81fd0f5f2301f76eadca4608be74138726296
data-raw/ids_terms_all_lenders/DT.GPA.DPPG__880__YR2024.json,d20e28fe3b291e37c0e46ebbfc67359ad123cb97a243e7253005c000579a8a3c
data-raw/ids_terms_all_lenders/DT.GPA.DPPG__887__YR2024.json,bf2cb44ce2f9da68a7047945bd70705d2bba71d50ff6471d551f9ab38695ee0f
data-raw/ids_terms_all_lenders/DT.GPA.DPPG__888__YR2024.json,94cdac762649ff2b264a5989f6311458c41110cf2e1f2df7edc395ff1d554bae
data-raw/ids_terms_all_lenders/DT.GPA.DPPG__890__YR2024.json,0ae41d26e39530a55a6f0e04791caa82529d384a11cf9b7ab449de66ea0b335a
data-raw/ids_terms_all_lenders/DT.GPA.DPPG__892__YR2024.json,436d0743fb677d895f085db09a6391f8c968074f89307a7bf97de6a50215c78c
data-raw/ids_terms_all_lenders/DT.GPA.DPPG__893__YR2024.json,3fce72a7a873476b63240cb351e3ba86ccafc0dbeec4b63c557b62486ac4cb3c
data-raw/ids_terms_all_lenders/DT.GPA.DPPG__895__YR2024.json,769eaef76247c78df96a593680decf3fa50332e3c1e6b5542889add554bd0f61
data-raw/ids_terms_all_lenders/DT.GPA.DPPG__896__YR2024.json,b216fb6cd1b8ae9666e50bd23c45da3077c1a1e1ecf8e4bcd3447522333096f6
data-raw/ids_terms_all_lenders/DT.GPA.DPPG__897__YR2024.json,41c1e011c2dc3ac067fb9f90d6307cb1e25a84d30f29c07352caf9e481c32b99
data-raw/ids_terms_all_lenders/DT.GPA.DPPG__898__YR2024.json,b61a22f1794024cdd9d0aa5db2db3cf067fb7e5b207a10803d65c4679a94d380
data-raw/ids_terms_all_lenders/DT.GPA.DPPG__899__YR2024.json,6003757251e977cfc55508441bae0420c83b1bd8d99d6079f89a09d90fb1ed91
data-raw/ids_terms_all_lenders/DT.GPA.DPPG__901__YR2024.json,dcda0f126eba8b969c69cd7028953cabaaad837d9cc911b6c2818f11f4fec3fc
data-raw/ids_terms_all_lenders/DT.GPA.DPPG__902__YR2024.json,f953b8e731404e18fe8ca4603c4d0c1b8e08a3165b421eb55597467661c497d3
data-raw/ids_terms_all_lenders/DT.GPA.DPPG__903__YR2024.json,446fb8d4c15437f308f40d157f38d2670708bfd03a56e4c2753015356228cc1a
data-raw/ids_terms_all_lenders/DT.GPA.DPPG__904__YR2024.json,c2436b6fc5fbc8652b411f7037efd4ac6dcbd2ed94675590566682113bc9a1ef
data-raw/ids_terms_all_lenders/DT.GPA.DPPG__905__YR2024.json,3e11b982aed62cd050b856bd697272de89279f20748c896b871242f7923a7ac3
data-raw/ids_terms_all_lenders/DT.GPA.DPPG__906__YR2024.json,238f40e320c5773e985a959d32f167c576a9afc524c9dc9c7dd77890d8bb3c1c
data-raw/ids_terms_all_lenders/DT.GPA.DPPG__907__YR2024.json,ff1a11353b98b9779bd330dc885493cfb74519024dd0db10450884e1ddb4b4f9
data-raw/ids_terms_all_lenders/DT.GPA.DPPG__909__YR2024.json,28f91ab0ee08b088579f5b35e416987b5d91c344fd16d45d81d921b416bb83d0
data-raw/ids_terms_all_lenders/DT.GPA.DPPG__910__YR2024.json,ee88d14fd34009cc1a16cadf24f0ff331babe2c6409e8c15dbcc3b17c99e95b1
data-raw/ids_terms_all_lenders/DT.GPA.DPPG__911__YR2024.json,ec68bba57912110f7643c1193390c46b0361cfebf5a1357120df28c3e98683e9
data-raw/ids_terms_all_lenders/DT.GPA.DPPG__913__YR2024.json,0458d6fd2f2def0bdd16352ac3875e125bf7da594820a59fdefd2754bf2a0a38
data-raw/ids_terms_all_lenders/DT.GPA.DPPG__915__YR2024.json,3426fb0c9bd3763793be7b6fbc37ae29e85204eca4012360e14c3d7905d14505
data-raw/ids_terms_all_lenders/DT.GPA.DPPG__917__YR2024.json,5cb553329b4607f60b1750e9d1c8b461e55e9b2198603b10fb5cc2e6e1f37995
data-raw/ids_terms_all_lenders/DT.GPA.DPPG__918__YR2024.json,0ed6723daab712eebb4d74fbf966dbcc419ef8f93252a4c759853d5cc315caf7
data-raw/ids_terms_all_lenders/DT.GPA.DPPG__919__YR2024.json,1b74148233df1bba7acdee896fc04aeb773b8d9a2c4951a891a0b2d53eb7f15f
data-raw/ids_terms_all_lenders/DT.GPA.DPPG__920__YR2024.json,210e119d7987230a2bc88e86d83a9ec002d8bea7e88b8bff4dafd7009d8e92be
data-raw/ids_terms_all_lenders/DT.GPA.DPPG__921__YR2024.json,41ce9b83a05e9e670e470b32f867e27b19d912c5388fadb3f8bca1e1a1583e78
data-raw/ids_terms_all_lenders/DT.GPA.DPPG__922__YR2024.json,0fa983b816c2991d8dd29493282e8b8bdf97074b167bab05b90f62d288150d69
data-raw/ids_terms_all_lenders/DT.GPA.DPPG__924__YR2024.json,b9c1e8f42198a5a12f7c9da392d7debae287d13a39f03e08e6d811b9695fa4c0
data-raw/ids_terms_all_lenders/DT.GPA.DPPG__925__YR2024.json,37e291e11a3b3e608b8bee961cbea33cd95549723271ce481824eda6a26301f9
data-raw/ids_terms_all_lenders/DT.GPA.DPPG__926__YR2024.json,601d8ab4e645456c8f2567306b6bfb2c3edf9ca9d5835e057b4eba2dd79717e4
data-raw/ids_terms_all_lenders/DT.GPA.DPPG__927__YR2024.json,fd9fdfc41b85b84475967ad369b658a1a4ff1f41c1aa02ccf511c2515c8795ca
data-raw/ids_terms_all_lenders/DT.GPA.DPPG__931__YR2024.json,4023977a8a1b606a83120f43b2df72163612a38538a5137755a1225bfe2b8c13
data-raw/ids_terms_all_lenders/DT.GPA.DPPG__932__YR2024.json,0a788da5855414bff4cf1705160d769a72d11714ab6a544e4581db9afcea6566
data-raw/ids_terms_all_lenders/DT.GPA.DPPG__933__YR2024.json,015a0a840c550ce36a5bd96c515c2b39a54fbd0274dbe4b96355fd85e5074e83
data-raw/ids_terms_all_lenders/DT.GPA.DPPG__939__YR2024.json,71796b3027048f7ec4c836fe4661a3511adefd5bd0ec432afe864538f16644fb
data-raw/ids_terms_all_lenders/DT.GPA.DPPG__940__YR2024.json,7b4265d6ec888653d59ca444060312a050eef6268e43139d1e93d136ac978a21
data-raw/ids_terms_all_lenders/DT.GPA.DPPG__942__YR2024.json,57dc3aff20bc540dc8264610c3acc9818fb492a9e8b74a890ef23c9b10744d7f
data-raw/ids_terms_all_lenders/DT.GPA.DPPG__946__YR2024.json,d98e509b7aa6bb739f0e236ed0eac02e6ada91c220f417785cc50e3f01df595b
data-raw/ids_terms_all_lenders/DT.GPA.DPPG__947__YR2024.json,d89536573d0c05ff1b702e122c198bbdbf86de07ec4344a8fabfe5cbfa4e7d4e
data-raw/ids_terms_all_lenders/DT.GPA.DPPG__948__YR2024.json,fc8847ad89fa77c3a7dbbc29631d65086ba3333980145c537b6e033dc224e092
data-raw/ids_terms_all_lenders/DT.GPA.DPPG__950__YR2024.json,5b782cd41bbb04ee25083cbdc5722076671b71dae2f01ebde86dc9d71be83044
data-raw/ids_terms_all_lenders/DT.GPA.DPPG__951__YR2024.json,e865fbc295d996af1466aff84973e2040efb9f5b64c6423a296a883df1e162f8
data-raw/ids_terms_all_lenders/DT.GPA.DPPG__952__YR2024.json,c232fcf2c88113811135fbe2bc9a9b0d0b24ad86029f18645031e51548b340f9
data-raw/ids_terms_all_lenders/DT.GPA.DPPG__953__YR2024.json,d1c517aae2db14f68a084d2179e03be28397a95c50bb8214058e2331de4eb0f8
data-raw/ids_terms_all_lenders/DT.GPA.DPPG__957__YR2024.json,2b9e59971ffcdcd99a40d481312dc1d7cbe5e2827a5edff7a516c2421958b36e
data-raw/ids_terms_all_lenders/DT.GPA.DPPG__958__YR2024.json,1007b1e1157288ec5a3d8529eaa98ca637d95cf1ef0d3ca8f59f3b8bba55d09f
data-raw/ids_terms_all_lenders/DT.GPA.DPPG__959__YR2024.json,2afd04f5bc36bc2a2790239dc3e683151c52761c7cecc0bb3368541668707648
data-raw/ids_terms_all_lenders/DT.GPA.DPPG__960__YR2024.json,cc0b9cb965eeec5f077ce092bcc372eb3e8b966aafb21def31c3495d79c1ac09
data-raw/ids_terms_all_lenders/DT.GPA.DPPG__961__YR2024.json,c687b1ae8d2b3ca2da1c98bc592d27229d7c490c1aa8f53ab1793a99ae8e1c54
data-raw/ids_terms_all_lenders/DT.GPA.DPPG__962__YR2024.json,bb3d1d6ca8fabd3ed0babafe385a105dd578dea373125e6e8f4ac790d730d22b
data-raw/ids_terms_all_lenders/DT.GPA.DPPG__963__YR2024.json,d50bb9dec2d37b7a204ece74b6bb801bf86d1f284f5083363aded6c78d45e2a3
data-raw/ids_terms_all_lenders/DT.GPA.DPPG__964__YR2024.json,22b13bfa4b8189d6a1efbdab7f160fb420fa99aa0d36f8bbc5fc9c9733b92259
data-raw/ids_terms_all_lenders/DT.GPA.DPPG__966__YR2024.json,8e91314826e8aaba51ecb27c3fe51bcd1b90f2cf1eab4072a465b1849de809ab
data-raw/ids_terms_all_lenders/DT.GPA.DPPG__967__YR2024.json,d79f17696e5f7eccec58f256f88123fa335f77a192399298cf621fb59b6ecb48
data-raw/ids_terms_all_lenders/DT.GPA.DPPG__969__YR2024.json,dbf73128b9efccdc7a5fa5ff9622ede600ebe286f31d598d50655b60af406160
data-raw/ids_terms_all_lenders/DT.GPA.DPPG__970__YR2024.json,120d531e324d74560a9779ee97261be99fc13942b526913faa24e5d9855b2755
data-raw/ids_terms_all_lenders/DT.GPA.DPPG__971__YR2024.json,e1b581981cd0d6d186350758d5a5d560006f266859b25e4c474babd4cbc595a7
data-raw/ids_terms_all_lenders/DT.GPA.DPPG__973__YR2024.json,a6a081a01cd61b404dfc299ee2ddb011101a12c74c1a9a48943866f39bcff9ce
data-raw/ids_terms_all_lenders/DT.GPA.DPPG__974__YR2024.json,b15bff8c6e40c9ddbedc123f8e71fee311cd3f2f9c4f6910ff201d1a0d1a057c
data-raw/ids_terms_all_lenders/DT.GPA.DPPG__975__YR2024.json,d303f5c73d03bcf17a4afafed78f02031cd64ef75da8dbf058e9fc593a73aafb
data-raw/ids_terms_all_lenders/DT.GPA.DPPG__976__YR2024.json,060bc34978399cfa73cd6f01e4b6ff68199f5728fe55d4445d4f0c81d7adb93e
data-raw/ids_terms_all_lenders/DT.GPA.DPPG__977__YR2024.json,56f27c069d083841f31c83e90016cc8926733efa03d9bb1b1ef3d468023900d6
data-raw/ids_terms_all_lenders/DT.GPA.DPPG__978__YR2024.json,0093eeea6b91ae815747e48356b65687c40228d4f5da21e4525f5de67a5bf643
data-raw/ids_terms_all_lenders/DT.GPA.DPPG__979__YR2024.json,b7401687f4f43a6a17cec36f645b41070e22150cfab18f6b7cba50588ee8e45b
data-raw/ids_terms_all_lenders/DT.GPA.DPPG__980__YR2024.json,23b90c2590679271fa94320a39bef708dd89d0261272677822e8265c12f9bba4
data-raw/ids_terms_all_lenders/DT.GPA.DPPG__983__YR2024.json,45c5ef59abbdca4dac7b5421653c3695cd1b7a7635493dea8f90e38828c9112c
data-raw/ids_terms_all_lenders/DT.GPA.DPPG__987__YR2024.json,632a0273182f3e36d3d92edcd47885c72035fc96d36c72509861d182e46026f1
data-raw/ids_terms_all_lenders/DT.GPA.DPPG__988__YR2024.json,3e9dd388d17765bd308abe936dd60a08f9c57ac2f0d9c13cf28662a1ceea0034
data-raw/ids_terms_all_lenders/DT.GPA.DPPG__990__YR2024.json,5b3d863c12a6e86275fe3ff13186a6cea55eb4c81b8251e5ed193c89a1c29936
data-raw/ids_terms_all_lenders/DT.GPA.DPPG__991__YR2024.json,b04cbbd0be5cf20266437db755efca0a925ba63ee4bbea063cebffa1b78aa016
data-raw/ids_terms_all_lenders/DT.GPA.DPPG__992__YR2024.json,4b0b3a2f3fcc5fdd1e2d1ea6299889a23b742f55bbe5d2d79477c376bc2f2217
data-raw/ids_terms_all_lenders/DT.GPA.DPPG__993__YR2024.json,98b687b3c8b795584a00b19d15426b0899d9fba8760569081f9fa3739dba71b8
data-raw/ids_terms_all_lenders/DT.GPA.DPPG__994__YR2024.json,a741ea916b19f491a7ff0028f785497c003d4ecd10d3851b6858a8f242f5cb39
data-raw/ids_terms_all_lenders/DT.GPA.DPPG__997__YR2024.json,27961a9b7da2431e48358196c9507089ffdcbdfc4ff6df29614fde3547cb17f6
data-raw/ids_terms_all_lenders/DT.GPA.DPPG__BND__YR2024.json,cbd8c0d6bf7a498a72e4281c0c9a8f3bdd59e6464aeb8375b7e49f8f45ef94ba
data-raw/ids_terms_all_lenders/DT.GPA.DPPG__FCW__YR2024.json,85773298c4c053208d057615d3f8c57e6afa9f6e4de48f71506af9b491a7f27c
data-raw/ids_terms_all_lenders/DT.GPA.DPPG__WLD__YR2024.json,f96259526064ee78934d742df37e8713bdea889e7c96dcb5e088d3ca3dcd9fde
data-raw/ids_terms_all_lenders/DT.INR.DPPG__001__YR2024.json,32404a87b603713899dd68daea8dc4ba30df920553483f6de1bf482fbc570113
data-raw/ids_terms_all_lenders/DT.INR.DPPG__002__YR2024.json,82b5409c43eb1da56d12ebab45969c2d5fcb8d8d6e7529bcf8cb7fbf84bcdd1a
data-raw/ids_terms_all_lenders/DT.INR.DPPG__003__YR2024.json,e0598e78578274b884723788633fb787627ee056228693256032f8adc07ca518
data-raw/ids_terms_all_lenders/DT.INR.DPPG__004__YR2024.json,87d9919056f6a4669f40171f6aa23ea1736d92795cab1e6e3001d9bda05ec16a
data-raw/ids_terms_all_lenders/DT.INR.DPPG__005__YR2024.json,2adcb84b1bac5531d1c65341e786f8a0bdc7eebfdc0340387c548ddadaa16960
data-raw/ids_terms_all_lenders/DT.INR.DPPG__006__YR2024.json,e958d3f866cef3a379bc8238fa463b94a6dac0beb670274def5beaed547a5eef
data-raw/ids_terms_all_lenders/DT.INR.DPPG__007__YR2024.json,22fea5f358b97b93508b3dcc8885b5c6a7e9fd784182e855581312532c51885f
data-raw/ids_terms_all_lenders/DT.INR.DPPG__008__YR2024.json,4137bd9233049426ab01dee03ce6e959717f5a0c05f000bd07761ec028fa66d9
data-raw/ids_terms_all_lenders/DT.INR.DPPG__009__YR2024.json,124b58e3ed7d3ce19c7354c74d22e5cf95000c4275f184e8c661ac0584d826fe
data-raw/ids_terms_all_lenders/DT.INR.DPPG__010__YR2024.json,8a009a252a2c3cb5e86dd9ba7155baa985d47dddecdd2e416b20c32a7e32a0bd
data-raw/ids_terms_all_lenders/DT.INR.DPPG__011__YR2024.json,28664c8de63f5e47c1d645e5eb701c3e4dc195b760c5b4e11264ba5efc4d10b8
data-raw/ids_terms_all_lenders/DT.INR.DPPG__012__YR2024.json,a9078658dd243eaa68c3cbc3b774a8567e375eb33accf46c8586a71be35cf500
data-raw/ids_terms_all_lenders/DT.INR.DPPG__018__YR2024.json,826c4414ca6968a4561b062b88973db08ebf0946d104673d24d0e0d0128fecc6
data-raw/ids_terms_all_lenders/DT.INR.DPPG__019__YR2024.json,f10d608d01ec9354fd80b803c080bebd1474d4fc6a9b201c85fd5453e1245fc0
data-raw/ids_terms_all_lenders/DT.INR.DPPG__020__YR2024.json,41cab4c4231d9d4076f39b73ae6fd6467ed6fc44c17be8493a13e8f9a78d3708
data-raw/ids_terms_all_lenders/DT.INR.DPPG__021__YR2024.json,08289bf273051979d5955e3a002e4b218a0433c0a857b7481d2e9bc9994ef027
data-raw/ids_terms_all_lenders/DT.INR.DPPG__022__YR2024.json,f5dd38326df27b7aaab60555152e0e2741b1fad7a63266f9d8c61676481075e2
data-raw/ids_terms_all_lenders/DT.INR.DPPG__025__YR2024.json,8a7b2e8d6e0ca60cf38231fd0b9791127d07347dfbd88c9d6ffe2812d78eab8f
data-raw/ids_terms_all_lenders/DT.INR.DPPG__026__YR2024.json,7f119a4a6bff971ed852493e5835870919c03069ca215102e144ce01ac7e6deb
data-raw/ids_terms_all_lenders/DT.INR.DPPG__030__YR2024.json,41b7eed408668e044917d16aecd31087843b69b43cbe9c9db0a00738a15bcbc7
data-raw/ids_terms_all_lenders/DT.INR.DPPG__035__YR2024.json,9dd8b4d8d89bb316b789bdc37142480e4da482d8c6974f09a21c2fc1be94f2f7
data-raw/ids_terms_all_lenders/DT.INR.DPPG__040__YR2024.json,8f0ec18659023a349fd1781fbf8de3893acd44d1225b11d7c748926e7831ca25
data-raw/ids_terms_all_lenders/DT.INR.DPPG__044__YR2024.json,12b6e7ec78a9cbcb322b2ed9b1aad2d125a09d641571431a0bc2bd093ffa59ec
data-raw/ids_terms_all_lenders/DT.INR.DPPG__045__YR2024.json,976bae5d50cc9d478765dd50f1f564160c9320a690389e8b935358e5da1d8358
data-raw/ids_terms_all_lenders/DT.INR.DPPG__050__YR2024.json,ba11d31bac629369beb602646c5bfa7e415b2035a9f37426298f9d5480884169
data-raw/ids_terms_all_lenders/DT.INR.DPPG__055__YR2024.json,1f01a6145e6610a49a981f38868505aab0392a4a0e69b7d7201fa24add1472a2
data-raw/ids_terms_all_lenders/DT.INR.DPPG__060__YR2024.json,b095f7691d675481096c838779fc684ac8366b41a8f3a5c8fff1a42a73f481ba
data-raw/ids_terms_all_lenders/DT.INR.DPPG__061__YR2024.json,0e45bbab7adf23e968e1ecccef6e6f60fb133f192a88650b64ae928a0bbbdc41
data-raw/ids_terms_all_lenders/DT.INR.DPPG__062__YR2024.json,7e2e1f038706ae0900fa8b925ce1cf2273250df86f5db48fca946aad420f5ac7
data-raw/ids_terms_all_lenders/DT.INR.DPPG__063__YR2024.json,0da8a9a27837d508bdbdcd493789f1ce74efe6c1ac2dac888315ca120a3a24c3
data-raw/ids_terms_all_lenders/DT.INR.DPPG__064__YR2024.json,2262adb66d1fe9fe1499217695048d18dcbbb23ab2178cace692a84e34cfbe2c
data-raw/ids_terms_all_lenders/DT.INR.DPPG__065__YR2024.json,b3d9467dbc01dd476ab960bf46cc32e3367e2f4420fd478512133a7802c5d895
data-raw/ids_terms_all_lenders/DT.INR.DPPG__066__YR2024.json,9009bb4d37e3d9256d0187a47a77051b84c88d898781c6d9794642bc2f82ad04
data-raw/ids_terms_all_lenders/DT.INR.DPPG__068__YR2024.json,37ef51660dc9ba40a91e11f048f1227c89f64bf700c9bec4921449c510648d9f
data-raw/ids_terms_all_lenders/DT.INR.DPPG__069__YR2024.json,e358605783ffe52e663362a7b26ccf3fb441f9daf097ff610ec7c752987c96ae
data-raw/ids_terms_all_lenders/DT.INR.DPPG__071__YR2024.json,dd509791b0bd7327305e40b371c7a0023050f740a6f9c106fd7268df89261b1f
data-raw/ids_terms_all_lenders/DT.INR.DPPG__072__YR2024.json,bb1f5ae98731c5a78c3f33f5dde8f4818e4bce81f924cb20cb1bec1f07ccf6b9
data-raw/ids_terms_all_lenders/DT.INR.DPPG__073__YR2024.json,0368a6c61e997ffbd2d26b63f79fb889da66593a7ba63952dce632d8add83f30
data-raw/ids_terms_all_lenders/DT.INR.DPPG__074__YR2024.json,6d6f811cef8e04cd659f527e0f8d21033eca3e77550c278846e10e3ea2adca86
data-raw/ids_terms_all_lenders/DT.INR.DPPG__075__YR2024.json,9cbaadf7e2fe08e5542ac676ca3b0abb38041f2ee4b0cc91219c07a0738f8f6c
data-raw/ids_terms_all_lenders/DT.INR.DPPG__076__YR2024.json,d532cb083438ff32c213fafeb7de2289c9706e2c0a6cd687c418920612d3d85a
data-raw/ids_terms_all_lenders/DT.INR.DPPG__077__YR2024.json,bc95d3511baf74b9463b49d9aaca2b57596fd3f78168b12ba4ddbbad0eeda8fb
data-raw/ids_terms_all_lenders/DT.INR.DPPG__078__YR2024.json,b5a453ee2a9ce37733decb1c5d3cf3a4adbdaa0cb1110d221ec598dc2da03935
data-raw/ids_terms_all_lenders/DT.INR.DPPG__082__YR2024.json,cbccf8e4c5712dda02c65efe6d85ae2b023f53bec36719b21431578ee38fde11
data-raw/ids_terms_all_lenders/DT.INR.DPPG__083__YR2024.json,7487a1850a55973bf1676d8b658f54ced110100a73ae764417f7fa9a4f8e4eb7
data-raw/ids_terms_all_lenders/DT.INR.DPPG__084__YR2024.json,94d9072fc9debb6b65d771bd49a471092a483a14c96c6782d720ab7a2c87bdf3
data-raw/ids_terms_all_lenders/DT.INR.DPPG__085__YR2024.json,5f24e780bbfa4f7e1a502e00e789180561a40f74ac5210cf5c649bbfcf6bb0a7
data-raw/ids_terms_all_lenders/DT.INR.DPPG__086__YR2024.json,bc6417e1da81760287522a137bed3bc4b27df0ed11795698539181f5e0cf208f
data-raw/ids_terms_all_lenders/DT.INR.DPPG__087__YR2024.json,a53a6b659fecb5497156fb9d734534f101814249f4a3425e463736bfe3f253ef
data-raw/ids_terms_all_lenders/DT.INR.DPPG__091__YR2024.json,8d2effdd939f02605bf2355ae0b80ddf7d5c2491b18d426bfa514f36f9a9457d
data-raw/ids_terms_all_lenders/DT.INR.DPPG__093__YR2024.json,516e7ea7f9cc902d2c3d2c6dd652aefcb3d09e4254fb630d08801402f8ae4e0d
data-raw/ids_terms_all_lenders/DT.INR.DPPG__095__YR2024.json,81a35ab041f43209945b4253c8c4b1c9c823b90c83db1127c482c7dd35b6c172
data-raw/ids_terms_all_lenders/DT.INR.DPPG__130__YR2024.json,14e154918e73c61b7e6ae42321b6f80fdda412a777f3ef0da7c81a91b01c3b67
data-raw/ids_terms_all_lenders/DT.INR.DPPG__133__YR2024.json,80cb3ec76cb29f850d3137871070bd7044b28664d55212bea480db42bf46bd94
data-raw/ids_terms_all_lenders/DT.INR.DPPG__136__YR2024.json,afff26eb6d6d9e2ddbf639b1785e87b20746d89adf4bd41c96201bf301e9ff6a
data-raw/ids_terms_all_lenders/DT.INR.DPPG__139__YR2024.json,4ec05c7e64eaccd5d655359031888d5c4c19a1416481650f4405ff114fcdc277
data-raw/ids_terms_all_lenders/DT.INR.DPPG__142__YR2024.json,4e5b4964a7cb81551ab99f628cb0be2e9ef2071c146c298ced083f225183b04b
data-raw/ids_terms_all_lenders/DT.INR.DPPG__216__YR2024.json,80d437206ef0b38f31ef17e5ab4729589548fc299e1087ecba00d471539b578b
data-raw/ids_terms_all_lenders/DT.INR.DPPG__225__YR2024.json,ccd7b43c491420c1edfd80e06d5c937208aa012fa826258cdf68f373fbeaa1f7
data-raw/ids_terms_all_lenders/DT.INR.DPPG__227__YR2024.json,f9ef525432b1371e95ee38efa3e4a5b3c21401e149990f4fac7af3d7ca59668c
data-raw/ids_terms_all_lenders/DT.INR.DPPG__228__YR2024.json,d85fed121f9010bf27adf735f4b72ff0e49fa93f2215a15dcc0ca789eb3ab8bb
data-raw/ids_terms_all_lenders/DT.INR.DPPG__229__YR2024.json,010908674172a5b65a9386720988792b7953aad2ab7febf55c4d3224534cce15
data-raw/ids_terms_all_lenders/DT.INR.DPPG__230__YR2024.json,62925fab0d4522a4036320d612f1a89e29a80fb53352203ea9c0212fed2e4bbd
data-raw/ids_terms_all_lenders/DT.INR.DPPG__231__YR2024.json,3be259e700b7719a204c0c0f6ac1dc0d20bb60122c114407bbad4c0f0a868fd0
data-raw/ids_terms_all_lenders/DT.INR.DPPG__232__YR2024.json,24be2ab25d263fe2b8c090d07c7bf6b83dc69d188166e24b0de24ea695c10c12
data-raw/ids_terms_all_lenders/DT.INR.DPPG__233__YR2024.json,e2023a70a442f84b14f14dffdf8286f61a995cf562d97e11897f1d3bb5f3690f
data-raw/ids_terms_all_lenders/DT.INR.DPPG__234__YR2024.json,ee22e0b99ef7be78725a5c4293553333651cb20889c28bcc5bda36f5c7bf43e6
data-raw/ids_terms_all_lenders/DT.INR.DPPG__235__YR2024.json,a2eb8bfbcb974a511fc06af3a3e5f15cc77afd737f64cd6641027f06069eb2c1
data-raw/ids_terms_all_lenders/DT.INR.DPPG__236__YR2024.json,86b8971cf29958dba5d28c04b2003af36fc737fe96003580a32f1187ac49e79a
data-raw/ids_terms_all_lenders/DT.INR.DPPG__237__YR2024.json,926b50c8b2f10c1af65aa6dd14ab324d271d8501a331a2e26f5bad5fb14ac160
data-raw/ids_terms_all_lenders/DT.INR.DPPG__238__YR2024.json,b6aef8bb5070f1a294ccf7b0c8ff9f369579a7f1ab585e52f3f536968ee195e0
data-raw/ids_terms_all_lenders/DT.INR.DPPG__239__YR2024.json,88835f418d7632aace6b7a2505695f76dcbf389e50e61def44ec3d4e16dd5d05
data-raw/ids_terms_all_lenders/DT.INR.DPPG__240__YR2024.json,75072c0c5acb25ba420320d0af0e5f14114f4aa5689ac44a041c7c7b7d034e6d
data-raw/ids_terms_all_lenders/DT.INR.DPPG__241__YR2024.json,2c0439fb048c7d78a7c144e1af887bcd685aabbde54d81280fa536cb7ef7ccb0
data-raw/ids_terms_all_lenders/DT.INR.DPPG__243__YR2024.json,c78d27904bcb0843fab447a6d2534e13834f65e167b4c563b32e901a0c1d9e86
data-raw/ids_terms_all_lenders/DT.INR.DPPG__244__YR2024.json,f8f2bb0e17cfd425465550c7846d1109b85c44d7361cb8d2b160f7dcdff68d39
data-raw/ids_terms_all_lenders/DT.INR.DPPG__245__YR2024.json,bfb19c056e3c4800238513fbd04e4fe4c36f750a5aee3b329f173789433bfc09
data-raw/ids_terms_all_lenders/DT.INR.DPPG__247__YR2024.json,213268aec7d54327b23a0f4c286f8472be348708caebc74523821f2f9e7ab31b
data-raw/ids_terms_all_lenders/DT.INR.DPPG__248__YR2024.json,bd44e0776581216305eaec757dfba2378dd711340dc7755e6fda8203734b1703
data-raw/ids_terms_all_lenders/DT.INR.DPPG__249__YR2024.json,aa8ac1dd3e573f9d55a710f5eb38775befc1adecea3abba095f0a5a65e014e41
data-raw/ids_terms_all_lenders/DT.INR.DPPG__251__YR2024.json,8c5bdf2ab7d12948d1fa14ca6e01d8c642f3df33907ec790831c3ff2f5dd4aaf
data-raw/ids_terms_all_lenders/DT.INR.DPPG__252__YR2024.json,8960db088684ae3e8ebd22bfe56ead949d7b588bcaa9623d2ef4ea604ed04f2f
data-raw/ids_terms_all_lenders/DT.INR.DPPG__253__YR2024.json,514a223a8a89eaef86dce685d43c58c9025dde89f69f579f19c00d4a0aabbdd6
data-raw/ids_terms_all_lenders/DT.INR.DPPG__255__YR2024.json,17ea5836509c758e40231666afbefad25213829e2356729c6bdc08d229b23da2
data-raw/ids_terms_all_lenders/DT.INR.DPPG__256__YR2024.json,5c1fbecdfd5aaf76a4fa7e3e73c3ec29db5f4951268fa8a1101c90e70c8b3a4c
data-raw/ids_terms_all_lenders/DT.INR.DPPG__257__YR2024.json,6e69f894315d85000a42b314206e50fce51d7fab729c523bf4746618b567747e
data-raw/ids_terms_all_lenders/DT.INR.DPPG__259__YR2024.json,5733dd3c43317e613243663d09ad0c4462ab77915fe8c3e75710bb05adbb1214
data-raw/ids_terms_all_lenders/DT.INR.DPPG__260__YR2024.json,12219fec443c4cc9ef1859dd9103a9092fa63e85c615743bca615f8600ffa936
data-raw/ids_terms_all_lenders/DT.INR.DPPG__261__YR2024.json,090b1c84c5464604663f87991e835d088ac54d6f73cdc27947e0c1ef2af4e0a3
data-raw/ids_terms_all_lenders/DT.INR.DPPG__264__YR2024.json,1b75d5f06d6c93f1eb429707b1aa5de2c84d7d7c82a2c201faddfae16a126dc0
data-raw/ids_terms_all_lenders/DT.INR.DPPG__265__YR2024.json,8eb0bb40c05e727b477bdff9399e023efd0eebd69f5ce5d4e1875853ec0614ec
data-raw/ids_terms_all_lenders/DT.INR.DPPG__266__YR2024.json,79c634c612bca552f272dc22805e755a3f3ec7e2b7b74d76bef36b2b0776866d
data-raw/ids_terms_all_lenders/DT.INR.DPPG__268__YR2024.json,570637a528229d5c81181a7a5e89419064719a9c675c9c1f4dee4db74210f01e
data-raw/ids_terms_all_lenders/DT.INR.DPPG__269__YR2024.json,2fd64bc3892a3c342ca505ddd616d33e4dc1d0d0b69b7d8eaf4e3caf54cae594
data-raw/ids_terms_all_lenders/DT.INR.DPPG__270__YR2024.json,5a17a5dcc4df08bff98d9c567f214044ad28fa985523ae255ee3d5d02591741a
data-raw/ids_terms_all_lenders/DT.INR.DPPG__271__YR2024.json,d3b736c3d27f10a576027230f62a43697eb1c7a94140c916d62fe925c2479916
data-raw/ids_terms_all_lenders/DT.INR.DPPG__272__YR2024.json,0ee8b2b220056fd27515b24102372a970d77d2614cb5119896efdda258963863
data-raw/ids_terms_all_lenders/DT.INR.DPPG__273__YR2024.json,3bcea46cccf04b41eedb488542e24253f787c047690b6032e22e78a9abf32d1a
data-raw/ids_terms_all_lenders/DT.INR.DPPG__274__YR2024.json,1066a705b214d8940045a39ec70d18bb2e22551c05c5c0c76a416afd00a1d0c6
data-raw/ids_terms_all_lenders/DT.INR.DPPG__275__YR2024.json,89bba2f9d72d91f2767205e8ff5ffe5ff208110c3031fc56c4511ad0c207b165
data-raw/ids_terms_all_lenders/DT.INR.DPPG__278__YR2024.json,d49a7a508613b9564fc1e1af402fbdf962a7a7afec0d77ff7f986eadfdc08738
data-raw/ids_terms_all_lenders/DT.INR.DPPG__280__YR2024.json,b316a1a6bdea5219b677a68c466f37710a0b51980d38fad5544f49abe2a6d52f
data-raw/ids_terms_all_lenders/DT.INR.DPPG__282__YR2024.json,baac5c09bd297c20c661b4ab4296d5356eda31d9cd418d93a5734ccfdff73337
data-raw/ids_terms_all_lenders/DT.INR.DPPG__283__YR2024.json,42334f2b2e815fbc56d87d9cafeaf36af5416625fd03d28d714e7c4509313c84
data-raw/ids_terms_all_lenders/DT.INR.DPPG__285__YR2024.json,12bb31516102221c8eb32b93d9a76de5f489c73db0b257cfb15b4d426801d54c
data-raw/ids_terms_all_lenders/DT.INR.DPPG__287__YR2024.json,01467406c6b7e07c183c818fdb50d63e75ae34449772dd6e9170cd0e9e77293b
data-raw/ids_terms_all_lenders/DT.INR.DPPG__288__YR2024.json,d35798ae627ac46d429e6f5a79a4716b079a6a10132c471f5631be012d49e877
data-raw/ids_terms_all_lenders/DT.INR.DPPG__301__YR2024.json,e48b13fb33f70dd274055a36c9ad89dc1c802365a24fea203a15dc5884239f68
data-raw/ids_terms_all_lenders/DT.INR.DPPG__302__YR2024.json,e3e03fc7f7a4b44f8878618debad3c69237335f9bdf728cbe8a275942bb4f858
data-raw/ids_terms_all_lenders/DT.INR.DPPG__328__YR2024.json,bf667f2614fd32ae6a98cc7c9bda739cd7a2a59bc300ec357cf29209428e0b47
data-raw/ids_terms_all_lenders/DT.INR.DPPG__329__YR2024.json,010c2d70ed613a55f1029c10f75e70df65b69db0dbc828c48e9a20af072766c5
data-raw/ids_terms_all_lenders/DT.INR.DPPG__331__YR2024.json,f83d47d315a99c3af21be96c61f11c5eff1f73608bb31e7c4ecc8984e3f3003c
data-raw/ids_terms_all_lenders/DT.INR.DPPG__336__YR2024.json,fc396041a461979c85d8236d34ca6be71dff958eecbb1be7106f7fed39c865c1
data-raw/ids_terms_all_lenders/DT.INR.DPPG__338__YR2024.json,590baa86941830370761a9f05358a550dcbad9a15fc1440d7c68a51d7771604f
data-raw/ids_terms_all_lenders/DT.INR.DPPG__340__YR2024.json,b3167b8fa613ab5d6ffd7640aa526da70522898786d6c7d8c23953a161f2c79e
data-raw/ids_terms_all_lenders/DT.INR.DPPG__342__YR2024.json,54958cb00e762f14effaca70264f09b002a91d9248852a0079b38c19bd2fa2c2
data-raw/ids_terms_all_lenders/DT.INR.DPPG__345__YR2024.json,03e92a59738ca4d2f3542479c48cd192cd0f254b42983648055f29ba601f2ec5
data-raw/ids_terms_all_lenders/DT.INR.DPPG__347__YR2024.json,07854e270fa9037ae73d47355e241a90ebf9b3384f1c0b2bcb0e6fd4d37c10b3
data-raw/ids_terms_all_lenders/DT.INR.DPPG__349__YR2024.json,e69beb93f9490dbe00f62e4b4ddee31e4fe6c9fbbafe68d111289f605ef9a2ab
data-raw/ids_terms_all_lenders/DT.INR.DPPG__351__YR2024.json,3d9b86601570e0469c0e036d1bc3d74c30cb7520d1bc49e4f95ea3fb25e16fb3
data-raw/ids_terms_all_lenders/DT.INR.DPPG__352__YR2024.json,ff9b0d0bca504fc168b3b6220b0d4b24e894ba79d8b5df703428fc164e1addbc
data-raw/ids_terms_all_lenders/DT.INR.DPPG__354__YR2024.json,69e466544695d985a83df55f712f7db2fc2f4a9dc6d33378109d561cc8a7ab96
data-raw/ids_terms_all_lenders/DT.INR.DPPG__358__YR2024.json,e9a5808ed7f7d6424e920be9761c12693a8db3e2b413268c8c3ec70121f6ba53
data-raw/ids_terms_all_lenders/DT.INR.DPPG__361__YR2024.json,c23a3a4c92377cbe087675cd96a57ceab1e9634a4d66fbc289de684ef9e9754a
data-raw/ids_terms_all_lenders/DT.INR.DPPG__364__YR2024.json,829c181a4c3457eb8a8fbc6d453216830c249af2636acc1ea327612c6c34ab4a
data-raw/ids_terms_all_lenders/DT.INR.DPPG__366__YR2024.json,9886824c7f84c96770a5cec8cf80db1d161043a1eab762d9ccf508385cc1567b
data-raw/ids_terms_all_lenders/DT.INR.DPPG__368__YR2024.json,01d06750232f74eecc1fae158693f038ead88ae23570c3409fd95a2f5e64c910
data-raw/ids_terms_all_lenders/DT.INR.DPPG__373__YR2024.json,51b86ac8c7d013f86d03751b4c4e9c1eb18c2971f0ffd7a986647c9fd7111ffe
data-raw/ids_terms_all_lenders/DT.INR.DPPG__375__YR2024.json,90c7749976da4fef822a0e54f5c37204d52f0139269ae804201aa7d1da0b12f1
data-raw/ids_terms_all_lenders/DT.INR.DPPG__376__YR2024.json,07be76e23eb43385f80ef8a4462b07a4424cf58e1f5bdb90baeb5ee96ee38dd6
data-raw/ids_terms_all_lenders/DT.INR.DPPG__377__YR2024.json,98daa53c429c033472250a51b4d4883f4082e9857111ed90a9da0f379beb7868
data-raw/ids_terms_all_lenders/DT.INR.DPPG__378__YR2024.json,558405c1e613843c4ae51fa09b77b0cd2af008fa8a682a924ac1730fd2474e97
data-raw/ids_terms_all_lenders/DT.INR.DPPG__379__YR2024.json,9ac6d52f2dc3ee52ea45745ccf14de40ebf45c18c56d3cf908e2d739541a7b1e
data-raw/ids_terms_all_lenders/DT.INR.DPPG__381__YR2024.json,7734cb93ee4185267bfabdde5f5db6de4348873be8278b9d8a869cd0566297fc
data-raw/ids_terms_all_lenders/DT.INR.DPPG__382__YR2024.json,22a6c6571852ba387357a1abcc2ba50567dc64340508220b9cdc3105d8f66cdb
data-raw/ids_terms_all_lenders/DT.INR.DPPG__383__YR2024.json,10b2c79edee85b6da12ac11c043f334f350c8bfa7e5864e354bdd608decd6ab5
data-raw/ids_terms_all_lenders/DT.INR.DPPG__384__YR2024.json,e1fb1af0efa961e1737d3f3b81bab834e9838abf0aa05aaa3091b0a61fa4af45
data-raw/ids_terms_all_lenders/DT.INR.DPPG__386__YR2024.json,376c650ae5253b705ff82982b534fa724d9c897c188b0eb99da2020f22827c7f
data-raw/ids_terms_all_lenders/DT.INR.DPPG__425__YR2024.json,40f35e989d059d5c2a12442ab61e6833ed33aabde0fabe871a05f4c3b936d2f1
data-raw/ids_terms_all_lenders/DT.INR.DPPG__428__YR2024.json,2fe330189740553cb853ffe997e09d0fd28ff5166e3999892c221f8d13944756
data-raw/ids_terms_all_lenders/DT.INR.DPPG__431__YR2024.json,5a70b53a2190b54a037328d3b17dca9103fb6f076c4dc4bb629e344214288961
data-raw/ids_terms_all_lenders/DT.INR.DPPG__434__YR2024.json,453f8d6e371707d2814124e4f57f3ecab1dcf336b41a711d67c33a426259e317
data-raw/ids_terms_all_lenders/DT.INR.DPPG__437__YR2024.json,cc18e2f5b5c23b2129605e2344ba933422d93cf6fad80f98ce4791b54704af4d
data-raw/ids_terms_all_lenders/DT.INR.DPPG__440__YR2024.json,1772cab09c1beb50f1f69c1a9d66003b98296b9adc45621e798ac171a0da23ed
data-raw/ids_terms_all_lenders/DT.INR.DPPG__446__YR2024.json,840469b812ccc26170d70eb3276c64897e53cc9c296aebf715eb7f2de75bcb8f
data-raw/ids_terms_all_lenders/DT.INR.DPPG__451__YR2024.json,34e1b6a33bf4b57dad2238f11db2ef5d5036207343df97e3b65b9c15965aa8f2
data-raw/ids_terms_all_lenders/DT.INR.DPPG__454__YR2024.json,0de875ad15467abd9f234e34401ac66088bb0e0bef91e1a7bb5761f2faa6375e
data-raw/ids_terms_all_lenders/DT.INR.DPPG__457__YR2024.json,8d93ff6215072e81c0d0dfe9d0a94e94b2433d0f1eba05ea37723ee04a570949
data-raw/ids_terms_all_lenders/DT.INR.DPPG__460__YR2024.json,967b480c2500d904e99481fe48e5cd52c26d62c3bb18d3d2026fe0d96a3a7433
data-raw/ids_terms_all_lenders/DT.INR.DPPG__463__YR2024.json,44491aead1290210fe8672317c464187b2b7600034223e5b4724ca8fcf5aeaba
data-raw/ids_terms_all_lenders/DT.INR.DPPG__520__YR2024.json,9faa29ed695c7d79ac1a9f1f3affcefb8b413ea58d091a2210278e6cf9c72c9d
data-raw/ids_terms_all_lenders/DT.INR.DPPG__521__YR2024.json,64f1c73e31af29b1ccdbfcc01d7881332ed62bf2ed18e3fc83643e2345b68646
data-raw/ids_terms_all_lenders/DT.INR.DPPG__522__YR2024.json,b03bbc35852e42738d428996ed312b386f6e7403ce946c8316dfbbb25e87151f
data-raw/ids_terms_all_lenders/DT.INR.DPPG__523__YR2024.json,76fc588095d6915d18ce694eed5ef2db5a4715aac5f9b12de4879d0a65aa46d7
data-raw/ids_terms_all_lenders/DT.INR.DPPG__524__YR2024.json,bfffaf334ffd975cb9b9b2c0b98dcddccb30d8f836270708864387ad1f1c22b4
data-raw/ids_terms_all_lenders/DT.INR.DPPG__525__YR2024.json,c4fdee4c8d7102ea7211bb8b4fa3eee6da4f8300db0107d867ba37f7f6662cbf
data-raw/ids_terms_all_lenders/DT.INR.DPPG__530__YR2024.json,045ba0f9a173eb2a3f0b577adeb1b5a54700dba2ac6ef797858a19c15b14762e
data-raw/ids_terms_all_lenders/DT.INR.DPPG__540__YR2024.json,bb5fefb48134058e026d6ed212f2f5f128b7c8deeec35e9da8e242e9ee6521f2
data-raw/ids_terms_all_lenders/DT.INR.DPPG__543__YR2024.json,72e5167361d2cbf1e2b2642c5a5413218885e539c3ffd72974c6c7bdc8d34532
data-raw/ids_terms_all_lenders/DT.INR.DPPG__546__YR2024.json,8100195388bcde024181e8b6df1d85e60b9e1a2443e40398c652993dd2eccac9
data-raw/ids_terms_all_lenders/DT.INR.DPPG__549__YR2024.json,73a08943f4b78997c39ae463ae769dee90a6795a9bea534a5a661987d78cb353
data-raw/ids_terms_all_lenders/DT.INR.DPPG__552__YR2024.json,474160afc31a3a61573df65514e5d4427babf2539856f855b71b309349371ecd
data-raw/ids_terms_all_lenders/DT.INR.DPPG__555__YR2024.json,cffeac3853b28e6516758797ca6ca05b95179f39b8808c4d2f57afad459952d4
data-raw/ids_terms_all_lenders/DT.INR.DPPG__558__YR2024.json,7eac5761f778c245ae48c427e8b38b8d6980c277da4b4e0bff74eed32b06d0d3
data-raw/ids_terms_all_lenders/DT.INR.DPPG__561__YR2024.json,3afaddbbab7466a92cff0e706aa461a1335b6dbd6e2982d1f87ff97a07e14361
data-raw/ids_terms_all_lenders/DT.INR.DPPG__566__YR2024.json,d856f6377c695606fbed18412a1c2ae8c857a37b5780a0aa63cb6bb276f3b87a
data-raw/ids_terms_all_lenders/DT.INR.DPPG__573__YR2024.json,6b5e940d1d769202fba704162e6027a5b921e999002b058bf947b3c53f12aaf5
data-raw/ids_terms_all_lenders/DT.INR.DPPG__576__YR2024.json,e698bc4e35a21d3309c27303f067b5e2cb7ad483e2aa4574289cd1847f2e2829
data-raw/ids_terms_all_lenders/DT.INR.DPPG__580__YR2024.json,54786433033f3b81325e75d6ce9770eeffde875ec37004519bfb38f5a39ca82e
data-raw/ids_terms_all_lenders/DT.INR.DPPG__625__YR2024.json,c0b4fe42a5d4ae105d9c7655e4968a83cb7f5fefed0064229d62681b4e1a8b8b
data-raw/ids_terms_all_lenders/DT.INR.DPPG__630__YR2024.json,b7857bbc999e51a0943b5f3c9f56d2a0b2910c362e6b2aa275fdb1df3363d2d0
data-raw/ids_terms_all_lenders/DT.INR.DPPG__635__YR2024.json,42c7f2304a5ca55edb8c863c3560988900c5948bb8485141bdab35ec8ab2b71e
data-raw/ids_terms_all_lenders/DT.INR.DPPG__640__YR2024.json,a00820bb7cf6cc3145dfa383c9e3a25a035d84d598ac49f51eed9f04aabb378a
data-raw/ids_terms_all_lenders/DT.INR.DPPG__646__YR2024.json,e1f76ab7dfeb86955d26ea5a2aa9279514ff6374ff0e2e8f0dd7625aea4a1924
data-raw/ids_terms_all_lenders/DT.INR.DPPG__655__YR2024.json,bdc28d04dd6385987ad197d152480bcf06c795091a55df8561db2cb1e35b12f2
data-raw/ids_terms_all_lenders/DT.INR.DPPG__660__YR2024.json,92ad8557b1f7a7a409f068740c298bcd1b6057a9ed82b5ec90634ee46a475488
data-raw/ids_terms_all_lenders/DT.INR.DPPG__665__YR2024.json,00ea54e33c5f60b08a42cdf4cfd9860aaf03205f137afbeac55f42b0416e0734
data-raw/ids_terms_all_lenders/DT.INR.DPPG__666__YR2024.json,b466fc9cae8efe26e74bee600595386f24dfb0a5f10044640f02779616b71b35
data-raw/ids_terms_all_lenders/DT.INR.DPPG__701__YR2024.json,7096253d3c67e44724a89333c6c9b0c1fdc321d000e76f879ac5fc8d8ade3817
data-raw/ids_terms_all_lenders/DT.INR.DPPG__725__YR2024.json,17610d2827a83774c61524f7390a53d44d26d51dd4aa96a5ad802722783615d0
data-raw/ids_terms_all_lenders/DT.INR.DPPG__728__YR2024.json,71429cc3e648ce116c9fe299ae5e07ca82e3a2ea6ab7de43f16ba0effaf57be1
data-raw/ids_terms_all_lenders/DT.INR.DPPG__730__YR2024.json,f7ffba9afb96fc84fae27cfa8c113ee9f95028ca6c0594eb6a7b4f89dac87bec
data-raw/ids_terms_all_lenders/DT.INR.DPPG__734__YR2024.json,ec0cd6d0f7622f2c0d4273a486b67dd7f3a2a045cfac751351c4d7317c9e9836
data-raw/ids_terms_all_lenders/DT.INR.DPPG__735__YR2024.json,ffb545c0e0ffa723f07effc976fc5d7fda4d54de5ca0059645b521a513f10855
data-raw/ids_terms_all_lenders/DT.INR.DPPG__738__YR2024.json,52cecd403fa82508f77b145b0bba14978229d40a49ad00f7ac95f5a51ad3fb9b
data-raw/ids_terms_all_lenders/DT.INR.DPPG__740__YR2024.json,3e4f5ed2af74ea3c0439ef06ae1030625d80e75fc776a85ea9f78695ee49de7b
data-raw/ids_terms_all_lenders/DT.INR.DPPG__742__YR2024.json,1d9888a51b06b4f2bf77265a6099128115442558c1e5debc3fc7aa21bca17463
data-raw/ids_terms_all_lenders/DT.INR.DPPG__745__YR2024.json,722060635104d2f8ef7ef85c67a3cbd5ba4bd66661e61e01a56413941a971569
data-raw/ids_terms_all_lenders/DT.INR.DPPG__748__YR2024.json,fb55a70004a05b16feafc72c2fc39e2a02dbc1d3115ab5bd5702af97067adae3
data-raw/ids_terms_all_lenders/DT.INR.DPPG__751__YR2024.json,983bda04a873a7e38faca908d8ef7ed9865d862139a956d896bd3f15db726df2
data-raw/ids_terms_all_lenders/DT.INR.DPPG__753__YR2024.json,66fe6b20286357d1b5f90b8c9a2616af791e35f96edb88a442db30268e3a5538
data-raw/ids_terms_all_lenders/DT.INR.DPPG__755__YR2024.json,10a2a8e4ef50c777a1fff898905111a6b0a5ee6fcd23ea7b24acee967a065a96
data-raw/ids_terms_all_lenders/DT.INR.DPPG__761__YR2024.json,11a32096b1d3cb99fc337d57ac274dcc9b987cecbe9343ef5b1f5fc79e8b1b90
data-raw/ids_terms_all_lenders/DT.INR.DPPG__764__YR2024.json,db85c4b7b2e72cc9a3daec1e3cd486ce5d26db20fbff72a682f1207a966ee0df
data-raw/ids_terms_all_lenders/DT.INR.DPPG__765__YR2024.json,907a0ea8ac87cb56788307edb3d18685855ed0d5a83736bdf5ad3556012a53e8
data-raw/ids_terms_all_lenders/DT.INR.DPPG__769__YR2024.json,7bd3a62d6bbb2fa3a568111d793bc02b4148005bf108add64b4fbb8592f9acf9
data-raw/ids_terms_all_lenders/DT.INR.DPPG__801__YR2024.json,4a51469464296576c2da541e6c403e4c87e99e75dc81bac075560f2cf1cc8642
data-raw/ids_terms_all_lenders/DT.INR.DPPG__802__YR2024.json,4af3fa1bbdfac2a100b24841656f7443422f13ae2b125435043e2c633845aec5
data-raw/ids_terms_all_lenders/DT.INR.DPPG__803__YR2024.json,3495250adff6f798b01728278a0c86effe5c5c1bad60bbc0c00140bc9bea5bee
data-raw/ids_terms_all_lenders/DT.INR.DPPG__804__YR2024.json,6217919638b9b207ca6cae4271acb0f0792e8191fe36a4b203cf9847f9770e4b
data-raw/ids_terms_all_lenders/DT.INR.DPPG__806__YR2024.json,9cff5c10191ed42c3f461a57ed394de498619c06b8875e8e712835792aa37c29
data-raw/ids_terms_all_lenders/DT.INR.DPPG__807__YR2024.json,7b2ff3cbfe356b94be1c791b59099787d42d7eb850de1dd9c981be3ae99b9f49
data-raw/ids_terms_all_lenders/DT.INR.DPPG__808__YR2024.json,187c20af489e248ed870aa0b6a68b0ae54ac7c0b633ae30a6817a55eaf999e3b
data-raw/ids_terms_all_lenders/DT.INR.DPPG__809__YR2024.json,c980929bd19d633f6ef34cd4669b787fd49cb8758ef266be6ab92d45c07e4d74
data-raw/ids_terms_all_lenders/DT.INR.DPPG__810__YR2024.json,0a1622e8424bb6a27aea7fdde9a792ac2e94ed0c4f7dc18f922c197fecc7ea6b
data-raw/ids_terms_all_lenders/DT.INR.DPPG__811__YR2024.json,fd071f3359a207270ea048186d5bcb4702c22524107da7cbaee26ca8fab80f49
data-raw/ids_terms_all_lenders/DT.INR.DPPG__812__YR2024.json,6d3db3607a76bfeeffd39eea2b6f578908a6ca4c162f6bf906dcdd94dddb257c
data-raw/ids_terms_all_lenders/DT.INR.DPPG__813__YR2024.json,736882e88533bf9c8add3212f7f28d2754c0e977cf47fde99f70b22588181368
data-raw/ids_terms_all_lenders/DT.INR.DPPG__814__YR2024.json,a23a6e8cb0abb2c54c41a7f812aa12bb93fad0c5dec680ab2b8ab0374f036a15
data-raw/ids_terms_all_lenders/DT.INR.DPPG__815__YR2024.json,f2926f67870dd5b3e172347de3fe3fd48fd89c79c3eb077923b220f8aed02f11
data-raw/ids_terms_all_lenders/DT.INR.DPPG__816__YR2024.json,35ac1376d155aaf35c0b21c0db225ba8dcb3deb40d146fc007d4d9a07aa46664
data-raw/ids_terms_all_lenders/DT.INR.DPPG__817__YR2024.json,0c8b00a8fb0b0ab4fc24ec86dd96100abce5488dafb9173c6b1b7171632493e3
data-raw/ids_terms_all_lenders/DT.INR.DPPG__820__YR2024.json,6b9d0ec1ca88fa799eb0df6280acb7399f52bfb2c7932671feff32f108f6fc86
data-raw/ids_terms_all_lenders/DT.INR.DPPG__832__YR2024.json,5c6ce816fa7b058281a96c7ae3c769cb60aeac1385f1126b2e33ef4fd8f522fe
data-raw/ids_terms_all_lenders/DT.INR.DPPG__836__YR2024.json,bf080ebcbf263f840ffc40c2f3b9bfa79c19bd310cd7c62bef2381f5524f6517
data-raw/ids_terms_all_lenders/DT.INR.DPPG__840__YR2024.json,dbda89b56af7144703270e9b694f4029c06fe1f575a1b0b51f545d63bf103cd4
data-raw/ids_terms_all_lenders/DT.INR.DPPG__850__YR2024.json,ca7be220835e966e49c323263feed53d89b63ad006096565c95bc8a68a0748f9
data-raw/ids_terms_all_lenders/DT.INR.DPPG__854__YR2024.json,fdc302c7195dfc34397e0c081933eb283681cb2924cfc7a556f851d2957675c5
data-raw/ids_terms_all_lenders/DT.INR.DPPG__858__YR2024.json,f678c03a00a82faee987c4b3ad8908d18b67b16b10612c52ad158f523f793c49
data-raw/ids_terms_all_lenders/DT.INR.DPPG__860__YR2024.json,90b7309d9cc077c56194562e461b1bf48d47a9c1332d93611efc04249b55226e
data-raw/ids_terms_all_lenders/DT.INR.DPPG__862__YR2024.json,8d7531694dac1c5f700be8f407072f58420b7246b3c7773e205a0a71530df153
data-raw/ids_terms_all_lenders/DT.INR.DPPG__866__YR2024.json,e603b3a9f32a1f4799c167af6b181b80c555bf87976553912c9ca1e511a30545
data-raw/ids_terms_all_lenders/DT.INR.DPPG__870__YR2024.json,052124d5522e0b6afe9824216c77e566ae846cab59449b9dee62c45f724f30e7
data-raw/ids_terms_all_lenders/DT.INR.DPPG__877__YR2024.json,287937c241779736aa5fda35368be0c84e56d774c9b2331bdd7233f5653f6153
data-raw/ids_terms_all_lenders/DT.INR.DPPG__878__YR2024.json,91a0812483aac2db005f35d1674435d87dc50e78d048ef02d254b796a2b338aa
data-raw/ids_terms_all_lenders/DT.INR.DPPG__880__YR2024.json,11f76bfe7d78f651b82fd6e0b9f60ca18aa06df0f233d42160c33f006b8eee25
data-raw/ids_terms_all_lenders/DT.INR.DPPG__887__YR2024.json,a8568db446e1d53dd86ce89f9deffd0981719d901d4e771cfca4b51b83fe6dd7
data-raw/ids_terms_all_lenders/DT.INR.DPPG__888__YR2024.json,7f985be48bb687fb68f79f839a23a764d0827a11c903301ea9cd464da47ff6eb
data-raw/ids_terms_all_lenders/DT.INR.DPPG__890__YR2024.json,1d06d6cb4bebfc67aeff1469ea841ea1494135a28b0f01026b751d14385ddb8e
data-raw/ids_terms_all_lenders/DT.INR.DPPG__892__YR2024.json,fbf7a491fff605f5d5bd589385424f76e1f508097009c9f682eaa588a1bb2149
data-raw/ids_terms_all_lenders/DT.INR.DPPG__893__YR2024.json,2d3bca3cfd0fa9ac3abb4107640d4bc5f1627497cb38ad3f16407d81ec102bff
data-raw/ids_terms_all_lenders/DT.INR.DPPG__895__YR2024.json,bca635d130ac7f854c7b35c0a090b9bb58cdca9b060fe9a78e66b387609d9e79
data-raw/ids_terms_all_lenders/DT.INR.DPPG__896__YR2024.json,6457f5112c2e82509d935cab6fe10be25d661ea49d53cf0f707cce68018b3296
data-raw/ids_terms_all_lenders/DT.INR.DPPG__897__YR2024.json,4f8108452283b1bb7b5cfb0ebf181017680cd7186ffa7d285912eaa6ebf679df
data-raw/ids_terms_all_lenders/DT.INR.DPPG__898__YR2024.json,6ab34dd02357b29440d28b33999b1afb3b9a5e2a6d1b9f027a4d87281d3c6bbc
data-raw/ids_terms_all_lenders/DT.INR.DPPG__899__YR2024.json,f8331ec663b114c34954e648e3ddfaa0ee2c3aec3d254eb4502f3f11a17467ab
data-raw/ids_terms_all_lenders/DT.INR.DPPG__901__YR2024.json,fd1bd610c9ae32d92ada3924264833c0900b283278ecc8c85ce7e0d3255a0b2e
data-raw/ids_terms_all_lenders/DT.INR.DPPG__902__YR2024.json,ebeb7b85e724f5278c02ce803d52073bd195828d3ca6a80e468b658637db74a8
data-raw/ids_terms_all_lenders/DT.INR.DPPG__903__YR2024.json,a42fed34174a866e2c8da1fdf6dcab8f3cfc220f60b373cc307eda8aa5e412fb
data-raw/ids_terms_all_lenders/DT.INR.DPPG__904__YR2024.json,5e3416b2c7cd600d6bf9671ed49a925a3bbb4856490b5cd064545e20ab577c2f
data-raw/ids_terms_all_lenders/DT.INR.DPPG__905__YR2024.json,0612e0357867d6f063c178bd8d8446c3c03778b5d4431d6c7ae400baad0305a8
data-raw/ids_terms_all_lenders/DT.INR.DPPG__906__YR2024.json,e976543c97c23a26cdc9fe1a111a8613f5c5c18c382dde20ad5b854a701e11fc
data-raw/ids_terms_all_lenders/DT.INR.DPPG__907__YR2024.json,81c501f5476722c31e888dcec4a663a0d760e9dd086ba7d106930616ba37ee9f
data-raw/ids_terms_all_lenders/DT.INR.DPPG__909__YR2024.json,797695eebfb889cccd7fa4f28d527147ee5e3017c859802e7f08fa59af2dcc14
data-raw/ids_terms_all_lenders/DT.INR.DPPG__910__YR2024.json,521fe0cb6c7fc813891d1833e394746107970c02bcb1cbf42cd238e6948cde3a
data-raw/ids_terms_all_lenders/DT.INR.DPPG__911__YR2024.json,1cb21c175bc7e4441c46355a9c3e397daf853b0f56eb4490a7bd5555d319b796
data-raw/ids_terms_all_lenders/DT.INR.DPPG__913__YR2024.json,3151c6a089afcd0dde99951bb1c124fa43218e0c950aefbe1edef35aac419f53
data-raw/ids_terms_all_lenders/DT.INR.DPPG__915__YR2024.json,ba80e6944b8bbc08d4886c0ea7e2f9335cac60c85f1a8876ef4b5c68f7c1fd9e
data-raw/ids_terms_all_lenders/DT.INR.DPPG__917__YR2024.json,eb0945426fe6aa600f91af643bb34bbc80c2ec0f50c48d02ae36816292aa1715
data-raw/ids_terms_all_lenders/DT.INR.DPPG__918__YR2024.json,222b7d44a1099dff38f8744ab5c13adb9e0a28116c3f53704c73334501298ddd
data-raw/ids_terms_all_lenders/DT.INR.DPPG__919__YR2024.json,250b83fb2ab536ebc16e63c0b0680c83c577b868b0930168a8244ab3a139ebe4
data-raw/ids_terms_all_lenders/DT.INR.DPPG__920__YR2024.json,8ce12b5b68b80c74f0210e64863f72c7fabfda5d37d2dad3a958f5a8a222e75b
data-raw/ids_terms_all_lenders/DT.INR.DPPG__921__YR2024.json,330311cd9088016e9f826647c44d2e879c23767c3b1e3c92f7f2474cfbe3bd13
data-raw/ids_terms_all_lenders/DT.INR.DPPG__922__YR2024.json,06f4a11d2eb9c7659e19567674487a8c7eed9b07479ee5bd98402a59bdd71bc5
data-raw/ids_terms_all_lenders/DT.INR.DPPG__924__YR2024.json,1e1c281a6f4e186c8fea68124635415aae7ae1127c7058d4f55e6d910d73ad87
data-raw/ids_terms_all_lenders/DT.INR.DPPG__925__YR2024.json,5a7d788c76c953ddceee2bc39dfdaff93de81d69dd1c812b1fc60e22694f54f0
data-raw/ids_terms_all_lenders/DT.INR.DPPG__926__YR2024.json,dc9fab17835fb1668e532ff053b04f0ec1aa4fd814443155abe536fcad1866a6
data-raw/ids_terms_all_lenders/DT.INR.DPPG__927__YR2024.json,2781adcd4c0639d9e36aa6ffa8fe3770d45a872174ae2058f67b0233cd2c7772
data-raw/ids_terms_all_lenders/DT.INR.DPPG__931__YR2024.json,37a366f1dffe19cd5ed9633b409dd5307e26fc37cfe52d1d5edf5ff318752f7d
data-raw/ids_terms_all_lenders/DT.INR.DPPG__932__YR2024.json,b84e374a845024cafbd9aad3937bd97716a2f54d56796441699e5546d9a5d92f
data-raw/ids_terms_all_lenders/DT.INR.DPPG__933__YR2024.json,14880db2da90c2390282c16dee64bfbf861c21aad1aede2831798194d3716170
data-raw/ids_terms_all_lenders/DT.INR.DPPG__939__YR2024.json,e7485a699a5a44b1ff5da34342036b59859524729ea62a07fe4d886450f6c5b3
data-raw/ids_terms_all_lenders/DT.INR.DPPG__940__YR2024.json,2be0d030390ee862308762dbdda3289653cb5fc62786d59de9861f64f94e0d48
data-raw/ids_terms_all_lenders/DT.INR.DPPG__942__YR2024.json,f19a591f03c05be11971ac5377e3fe4105a0712d732cdaf86b675289c0052a8a
data-raw/ids_terms_all_lenders/DT.INR.DPPG__946__YR2024.json,cae3054505888770cd32a3a999abbd2164f19a08fa25738fba111b77548d9c75
data-raw/ids_terms_all_lenders/DT.INR.DPPG__947__YR2024.json,df886f4230448e81b0a6c1993e6d6a3ff18a0a5dbe881d33992a3723e29508ce
data-raw/ids_terms_all_lenders/DT.INR.DPPG__948__YR2024.json,63359f4d2f71b7f4ec16a943bdaf426d08d46328afd8c6c5e68e27df60adfbf1
data-raw/ids_terms_all_lenders/DT.INR.DPPG__950__YR2024.json,564148914e249b0c18a4a0dd2339aabf3e356ee0468ee95ae80660274aa36a7c
data-raw/ids_terms_all_lenders/DT.INR.DPPG__951__YR2024.json,6f8bc25b208a946414de6759793ef94ba8d1b33dd1097dce7edf02f82f833dd3
data-raw/ids_terms_all_lenders/DT.INR.DPPG__952__YR2024.json,d089b293373d32f4e69d7d751397f0a8151eea6aa7c5a03126e712737397b921
data-raw/ids_terms_all_lenders/DT.INR.DPPG__953__YR2024.json,f4b558e136ff5ba3b103b96e872afb092ab97cb18521d27ef22a4ef4f24e3525
data-raw/ids_terms_all_lenders/DT.INR.DPPG__957__YR2024.json,fd0d9b781aed10ab8e25751ca1aea079725531dd8214fc3f41a9843f697e423f
data-raw/ids_terms_all_lenders/DT.INR.DPPG__958__YR2024.json,ddd9cc1b2f54434380748e04a40900f77047e87437b21df1ddc375c5a683a365
data-raw/ids_terms_all_lenders/DT.INR.DPPG__959__YR2024.json,220abd61929738ee990150be9d8ca8aac63f2652af76974e21a0652ce514d8cf
data-raw/ids_terms_all_lenders/DT.INR.DPPG__960__YR2024.json,13d8f4645d99ea25f87c5a23f616792ba3371892e09dc01883618cd8be1990d7
data-raw/ids_terms_all_lenders/DT.INR.DPPG__961__YR2024.json,7ed73508199b6a49a09fb0137639f1bb17710144409ed97462d32a44b8c81614
data-raw/ids_terms_all_lenders/DT.INR.DPPG__962__YR2024.json,5a3376e9028bf7baac045f0b2a2ab5dbbfa9604758acf6eae1084a30abad30ba
data-raw/ids_terms_all_lenders/DT.INR.DPPG__963__YR2024.json,653cc149cf62e56ab5cc3a688c0a086fe74201f8c2ae7452b8caf86b304138d0
data-raw/ids_terms_all_lenders/DT.INR.DPPG__964__YR2024.json,48f27344454ad4ac738b18059bee8ed751fa2bded88fd97c49ef55bf49ba812e
data-raw/ids_terms_all_lenders/DT.INR.DPPG__966__YR2024.json,65cb1d10f16623e04504dbca469ce19d3b60f84de8227ccc6e5de5422e8a2e8d
data-raw/ids_terms_all_lenders/DT.INR.DPPG__967__YR2024.json,25fde60dafb31d5d156e462235186896b6f28d9fb7a79d42c2cda8d6c8163d37
data-raw/ids_terms_all_lenders/DT.INR.DPPG__969__YR2024.json,85bef1cbfdf1181ef75a171e87267fe83221231dae6202745b516802debc02cd
data-raw/ids_terms_all_lenders/DT.INR.DPPG__970__YR2024.json,4a4ce3ed45f9b40bb723ef003461e6853e7228256f14ad47ee79d789bb9cf555
data-raw/ids_terms_all_lenders/DT.INR.DPPG__971__YR2024.json,874ef775defbf927c989f581aaa9e296ade832c8ac4f6cd29671a2c43f3138d4
data-raw/ids_terms_all_lenders/DT.INR.DPPG__973__YR2024.json,87e2ff17ac79d030a3c12c47677643eefa054207f8bc8b78e15bc3e7d1063b0d
data-raw/ids_terms_all_lenders/DT.INR.DPPG__974__YR2024.json,96b0a84dc504b23b0f0122397e213acabba09f3b714c4f957df38839d1f19187
data-raw/ids_terms_all_lenders/DT.INR.DPPG__975__YR2024.json,19b7f7cb7d0937d8fc0e590dd70d3b06c0d1e38037ad35acc212b1d74533bbbf
data-raw/ids_terms_all_lenders/DT.INR.DPPG__976__YR2024.json,a2e68693ad9663c4f4da2cac7c309ca681f3b2e201857bde70e473659de60b75
data-raw/ids_terms_all_lenders/DT.INR.DPPG__977__YR2024.json,aa40e55426ed5d231aa017c3e94dc5beffe1a815d170a0517a18d7ccdc58c3af
data-raw/ids_terms_all_lenders/DT.INR.DPPG__978__YR2024.json,4b9d578c43e3bfed276e5fc41c97b7ea64d32595337a38c6d9f385b117ce02cc
data-raw/ids_terms_all_lenders/DT.INR.DPPG__979__YR2024.json,651b72a2edcb4811241f0057a10382bb5e7f4d9f20b8da246d66e7091b7f5214
data-raw/ids_terms_all_lenders/DT.INR.DPPG__980__YR2024.json,f47d17fb3b3454495c31a8665214cc783e0d617c802a0f817a41c5c0f43a1bd6
data-raw/ids_terms_all_lenders/DT.INR.DPPG__983__YR2024.json,ee4eb398034e7ae2fb962728217846a14781f2aacfca238235b9caf2b7ca8400
data-raw/ids_terms_all_lenders/DT.INR.DPPG__987__YR2024.json,9fe3aec891966b763841ae8c1ef57f33e883c1b5c71fc3b17954467582c1f7f0
data-raw/ids_terms_all_lenders/DT.INR.DPPG__988__YR2024.json,e624c7eeef23e4c3fd0434ed2da3bdf6ea9f1ef0d31257c1b4cb8a495c9c4735
data-raw/ids_terms_all_lenders/DT.INR.DPPG__990__YR2024.json,3cbde22c3d7df40de208fb8a2f981bbb68be7425a71725fa84ae6965eaaaddd0
data-raw/ids_terms_all_lenders/DT.INR.DPPG__991__YR2024.json,a65c25c8575efd53f804cfe1564c4130bddfb8d2fc966dc6e00ab37d01a2a15b
data-raw/ids_terms_all_lenders/DT.INR.DPPG__992__YR2024.json,c2f8d38e6f37fc104a78a4adff4a167ca9abef4254c2fd32006297f6298cfff0
data-raw/ids_terms_all_lenders/DT.INR.DPPG__993__YR2024.json,fa67cfa35fef9c5a9eba6ddb3e3cde343cfdafc1ece04027a5eaefdbd653a5c1
data-raw/ids_terms_all_lenders/DT.INR.DPPG__994__YR2024.json,de527fad399660a6f810e1d6e71724c8c6ba588d86d238106b5d77d6369c5bc5
data-raw/ids_terms_all_lenders/DT.INR.DPPG__997__YR2024.json,d9c35199bdf5ac94ddaa1e2455697f62697213ee541177d4fd02f4b9d8768241
data-raw/ids_terms_all_lenders/DT.INR.DPPG__BND__YR2024.json,d2e6aa9a9d0b2cf5d020c1bf7ee123b77766993e9be31987b5b880c57843ffa7
data-raw/ids_terms_all_lenders/DT.INR.DPPG__FCW__YR2024.json,bb4f6f639b95a821e815ab2db32d97f3f177cbfb0232f5f5bbff898327f2581a
data-raw/ids_terms_all_lenders/DT.INR.DPPG__WLD__YR2024.json,80ff18ddbde812044f0f15c4aec2e0630722597d24c552ce41e34105059f8a85
data-raw/ids_terms_all_lenders/DT.MAT.DPPG__001__YR2024.json,07a1a3c1b649234f0fc8196a1fff3252c5b5c344df82ef3c0b08c7b338c5217e
data-raw/ids_terms_all_lenders/DT.MAT.DPPG__002__YR2024.json,49fc3cbc52bc2ed9d330c4375fe5148ff30627bd1deaec701bf6f8aef932c706
data-raw/ids_terms_all_lenders/DT.MAT.DPPG__003__YR2024.json,58369265fa8bf44d730e91a32a63ad9c77fa14a600f49e638c02bff7c76d7dd8
data-raw/ids_terms_all_lenders/DT.MAT.DPPG__004__YR2024.json,6d312ad0b613deb25633fe2b30707ca9f541ca7b4a600f121a78a89ec0acbe17
data-raw/ids_terms_all_lenders/DT.MAT.DPPG__005__YR2024.json,fc1bf1a34f3ec1f42f2bec6e76fba14277743dec57f97c56a4aee9e74e592df8
data-raw/ids_terms_all_lenders/DT.MAT.DPPG__006__YR2024.json,409305320c692f61014b909239bfa5d96ff909c95502e9c9ca9e68842b9fad9b
data-raw/ids_terms_all_lenders/DT.MAT.DPPG__007__YR2024.json,e520ee23328c735ad0b88ce57ab183ba59145daf48f58dc92f8d36e33ad7259d
data-raw/ids_terms_all_lenders/DT.MAT.DPPG__008__YR2024.json,bb445e344514f08a99cda2a39296864e3e57ba196a06ae76344ec391636a926e
data-raw/ids_terms_all_lenders/DT.MAT.DPPG__009__YR2024.json,25a6136deff6ebed09362ff109263ca53efc000f6107de6b54773a95ae8956d1
data-raw/ids_terms_all_lenders/DT.MAT.DPPG__010__YR2024.json,47ace085da0daffb5da0316fd0824d08fc76d997b17568786da2427e57e94f96
data-raw/ids_terms_all_lenders/DT.MAT.DPPG__011__YR2024.json,c25e518c1524a51b37cac09c673e9b48a7f5f02d319414ce2ced480a022dd361
data-raw/ids_terms_all_lenders/DT.MAT.DPPG__012__YR2024.json,a6d05509bc1cb8c1e0de4f309bd9488b55b2d0caf1dc1e7e7be0e6e27e6be9fb
data-raw/ids_terms_all_lenders/DT.MAT.DPPG__018__YR2024.json,1878fcc8b317f32d0187b3ebd70ac742fbcc3fe72ada891dece34685c0a9f795
data-raw/ids_terms_all_lenders/DT.MAT.DPPG__019__YR2024.json,e0cc3853a1b56077bb67bbf892b37fee36d9982a6ee9ee7d9253af7375ee5721
data-raw/ids_terms_all_lenders/DT.MAT.DPPG__020__YR2024.json,714c290a712f9d5337f841c970777c5c3a2f27b5672786ae84f0dea1983f04c4
data-raw/ids_terms_all_lenders/DT.MAT.DPPG__021__YR2024.json,a8941ea8597ca98eb0d4aabb00878357881cd01e8e68ca3bed43e25e7acf6284
data-raw/ids_terms_all_lenders/DT.MAT.DPPG__022__YR2024.json,cb3754f825e1c368c6b709254aba3fa75f129394497f090a57655a143da74283
data-raw/ids_terms_all_lenders/DT.MAT.DPPG__025__YR2024.json,e0dc9066ad120e2bed7f6984ef50b6dce785bb9e8c564fc775dd472ab9b0cb8e
data-raw/ids_terms_all_lenders/DT.MAT.DPPG__026__YR2024.json,bcbf739c676609311d971fb26e2e4f7d6d606fc793f85ff866aaf1e91014c0fe
data-raw/ids_terms_all_lenders/DT.MAT.DPPG__030__YR2024.json,4362c4957505360492066dc2dd1aad805c4df9578d8cb08fd0ca09424e4113d9
data-raw/ids_terms_all_lenders/DT.MAT.DPPG__035__YR2024.json,197549f2a9b4b3201ea49db2cd14ad6d47e0a6bfda5f6d6588b62bca266fd2fd
data-raw/ids_terms_all_lenders/DT.MAT.DPPG__040__YR2024.json,1b83c59970d70f7420ff143f6e6599569e0ebe8ac66afb71ae536c19a638680d
data-raw/ids_terms_all_lenders/DT.MAT.DPPG__044__YR2024.json,d82248dc17a6ab51641d5d40e1b404425816f7a4c28e267acd8be2daef5412d7
data-raw/ids_terms_all_lenders/DT.MAT.DPPG__045__YR2024.json,4d368769cd7dcf2f38f576229a3d3fc2f207b01b65987adc2f869de6e0cb92cb
data-raw/ids_terms_all_lenders/DT.MAT.DPPG__050__YR2024.json,26e56bcc4df49c636e9f4cede70ed352a8f44d3e678b3b07c752e39cc78b0c15
data-raw/ids_terms_all_lenders/DT.MAT.DPPG__055__YR2024.json,64c0d5a70708b78090c62e8cfb5de96917cde37d0b4414e61d6456d49bcaaf3c
data-raw/ids_terms_all_lenders/DT.MAT.DPPG__060__YR2024.json,411b7e236e5add065a870858b65d6e437ba4177b1603850f896ef51d33aab149
data-raw/ids_terms_all_lenders/DT.MAT.DPPG__061__YR2024.json,7f49bcea4ec4ea085c3ee6869bbe78adcda8949533174133e5e1ed10c0c3306e
data-raw/ids_terms_all_lenders/DT.MAT.DPPG__062__YR2024.json,8a0ced4bb712b1815f664300e5b88938a0404191e0be4a78867dfe7412529f7d
data-raw/ids_terms_all_lenders/DT.MAT.DPPG__063__YR2024.json,80b90a96c1f0960ab1e824f3f9d438ee4270cc7ea18e4a822399cd411c3ddd44
data-raw/ids_terms_all_lenders/DT.MAT.DPPG__064__YR2024.json,89e922ca7d3e18b4e0941f0288e356a237bef36da8df95e5274814b12e4ad2f3
data-raw/ids_terms_all_lenders/DT.MAT.DPPG__065__YR2024.json,8015df3cc53d172b71f1c49d93e5ed792c7960fc042e4332722634b79ecb1a58
data-raw/ids_terms_all_lenders/DT.MAT.DPPG__066__YR2024.json,5b3b587835ff87e1d365abf9bcdacabb8e4d47a7bba445654f20509a22d31a5a
data-raw/ids_terms_all_lenders/DT.MAT.DPPG__068__YR2024.json,449d5c930d66241ba9f5252252c10cfcfa2c26793d7cba15542f83ea7d32b6c2
data-raw/ids_terms_all_lenders/DT.MAT.DPPG__069__YR2024.json,82c1ce5880a7197eeb4f73ab8aff51116de970b54da30ee392c85bcf4a081208
data-raw/ids_terms_all_lenders/DT.MAT.DPPG__071__YR2024.json,cf71e513a99fa831bebb4174ef4b36e35e78eabe4b72e432ca2581349a550236
data-raw/ids_terms_all_lenders/DT.MAT.DPPG__072__YR2024.json,fca6bdeca23ceed46cf48a902a3afe7e19368b907dec516d825ac79fa1919d6c
data-raw/ids_terms_all_lenders/DT.MAT.DPPG__073__YR2024.json,86ae0cf4a3f0e7a512e46cf61704d9cf73e14d585fbff785fe2ffbc52dc5f6a4
data-raw/ids_terms_all_lenders/DT.MAT.DPPG__074__YR2024.json,08a78e9a0d497cd0cfd04231f6cecd222b76ed073275f5484bf1dce2a82c24ed
data-raw/ids_terms_all_lenders/DT.MAT.DPPG__075__YR2024.json,29a40b766347f59fec73aa5a5276abf927474694ee73c64679de6cd9a0a953c9
data-raw/ids_terms_all_lenders/DT.MAT.DPPG__076__YR2024.json,715f1ef48dc37e03eda588d32c808b760255b73e8ba9825a277429468c1418d5
data-raw/ids_terms_all_lenders/DT.MAT.DPPG__077__YR2024.json,bd7c4adce2cdbb4a599b531703cb674f8841e172d0575bb7d67c0095ea8add7b
data-raw/ids_terms_all_lenders/DT.MAT.DPPG__078__YR2024.json,e31ca3e9588d833cb953b60cad03cdef8eaea8600f4c07cf12fd4d88c69d6b59
data-raw/ids_terms_all_lenders/DT.MAT.DPPG__082__YR2024.json,426a776a42cbdb529d1027a932b35fd3a1aa1ce1ba4a722678b5188153a3cdc3
data-raw/ids_terms_all_lenders/DT.MAT.DPPG__083__YR2024.json,bcb15cd88e149e6e7adec408882ddbc6228be402a0959b84f6277dd8eb4c3fcc
data-raw/ids_terms_all_lenders/DT.MAT.DPPG__084__YR2024.json,1257014ce52379ea9012c40729cca4df4a0baf3828618dafe075533cbc78a8fc
data-raw/ids_terms_all_lenders/DT.MAT.DPPG__085__YR2024.json,4ac4958a2fe872558b831af3b933ab5cf771f5f1f475dfeae5255664e472738c
data-raw/ids_terms_all_lenders/DT.MAT.DPPG__086__YR2024.json,ca5c38a2b87f885d2977944ada1613e6018b2c43a458c97947531fb880c04f2e
data-raw/ids_terms_all_lenders/DT.MAT.DPPG__087__YR2024.json,60d874af4e249ed8e3c09b07e655e38dddbd1a859748d052d66ea3b1a57040d9
data-raw/ids_terms_all_lenders/DT.MAT.DPPG__091__YR2024.json,40fedc46c6ebf64fc4561ebc36d3ac9300b8009e683c337ad821eef7aaccaff3
data-raw/ids_terms_all_lenders/DT.MAT.DPPG__093__YR2024.json,1790f15df44d720d428913d6d1a579cb2dc01be170cc3d5bbcd91301198707a2
data-raw/ids_terms_all_lenders/DT.MAT.DPPG__095__YR2024.json,4e798de20d6c63de938e2476450428ac7fe1b3eaf0b9d1c5e4f12e5b1e944fa2
data-raw/ids_terms_all_lenders/DT.MAT.DPPG__130__YR2024.json,3eb6227bca6721269c2a994d5ae15b1223ffa65a3a0d7ccbbf2dca9d26f5103b
data-raw/ids_terms_all_lenders/DT.MAT.DPPG__133__YR2024.json,ad3867b8b442483bab3f673db6ba1b6cceabc5bb615f9c1239cd91f2fb0ad817
data-raw/ids_terms_all_lenders/DT.MAT.DPPG__136__YR2024.json,55c60dc5a58e7e059482541137650897c451385b21dc9690e134311cd4d784fc
data-raw/ids_terms_all_lenders/DT.MAT.DPPG__139__YR2024.json,3adfb049dcd29e3ccae5a2ab12f632589ac1a4d27f16d1554a72657406df5321
data-raw/ids_terms_all_lenders/DT.MAT.DPPG__142__YR2024.json,d0c03bec3d21abd614ff29b0b4f01d6bf7e2e83bf728ffba9c2892a293e67ccc
data-raw/ids_terms_all_lenders/DT.MAT.DPPG__216__YR2024.json,135204b2e719fecd6d196220bdcfe368e2e24549b371147b96b9fcf4805c905f
data-raw/ids_terms_all_lenders/DT.MAT.DPPG__225__YR2024.json,b9aed11c55786f75e444e338804061a19d7eac9326f1e51bd333b9d80e5c2ec6
data-raw/ids_terms_all_lenders/DT.MAT.DPPG__227__YR2024.json,518285f9cb3804249fae258f925164e3b27933bbb38edd595b4bbe2f88bb7bc1
data-raw/ids_terms_all_lenders/DT.MAT.DPPG__228__YR2024.json,c70c5e3467d0389d70206827d8e455207711819e07c04f5688536a1dd38cfee8
data-raw/ids_terms_all_lenders/DT.MAT.DPPG__229__YR2024.json,0898fea0d71ef737c81eb086dd0a0520c814daf69868df792f88d7467b7baffb
data-raw/ids_terms_all_lenders/DT.MAT.DPPG__230__YR2024.json,596a7035fcd8b575952576a67ccedddc241cd84950bdefa70f7172c25bb2b99f
data-raw/ids_terms_all_lenders/DT.MAT.DPPG__231__YR2024.json,fceee0f5090c7f39813eaeb430d8f4b151fd864d9b0046cf20d81d9fd9cc3b5a
data-raw/ids_terms_all_lenders/DT.MAT.DPPG__232__YR2024.json,d804a17e8b784d33ae5785a9c53289cc9f56f8ec70dd58e35039abca1a3028bd
data-raw/ids_terms_all_lenders/DT.MAT.DPPG__233__YR2024.json,44b90717abe0233eb8d74ed358e80b11980c0fbf3555bc881972a536d07f4212
data-raw/ids_terms_all_lenders/DT.MAT.DPPG__234__YR2024.json,76f6ca7fd7354ab3f1a5feebe2866e00332a63e384be0fc91efb365e5be82abb
data-raw/ids_terms_all_lenders/DT.MAT.DPPG__235__YR2024.json,a91302615796025e6cd69e16bee6e9e8d6bf0e44c9727661b972340d352af565
data-raw/ids_terms_all_lenders/DT.MAT.DPPG__236__YR2024.json,2aaf4c48c740b868eaa26cffb38b54856e0bae04b97201b09b6f143bae45c47c
data-raw/ids_terms_all_lenders/DT.MAT.DPPG__237__YR2024.json,61f1e5693e8e7303d0b8487127b259bf43aa39c54bcf51f549f9a936d0d6da55
data-raw/ids_terms_all_lenders/DT.MAT.DPPG__238__YR2024.json,d690922bb6d1d98617bddf0a34ca369dcf1157e0ad177e2da676ab3499604433
data-raw/ids_terms_all_lenders/DT.MAT.DPPG__239__YR2024.json,8cebc299f6ca1f3b78e02e7e99b9fe0a3ecc7de8d13d5ec76b9958ef73dfc89d
data-raw/ids_terms_all_lenders/DT.MAT.DPPG__240__YR2024.json,94d4131488d62b7bf1f310d65f4b2486cb211ec4664c5d25a76dd9b337aa9855
data-raw/ids_terms_all_lenders/DT.MAT.DPPG__241__YR2024.json,aa48ff89567be52df494efe8e421924aa09a0fdac66597acc40e0885b24b4e9f
data-raw/ids_terms_all_lenders/DT.MAT.DPPG__243__YR2024.json,1cb46e8100c0ce63b4367d6d16964c22f126d3cba0d2bdda7de9a367f3f4d9ad
data-raw/ids_terms_all_lenders/DT.MAT.DPPG__244__YR2024.json,255ebac0834970334857beb355a886fe2ea77cdc3d38b855e940f7fbaba42b45
data-raw/ids_terms_all_lenders/DT.MAT.DPPG__245__YR2024.json,e01292a6639cb195c4e0a160bee2001f04b367b52b9a875cc4682be37a838604
data-raw/ids_terms_all_lenders/DT.MAT.DPPG__247__YR2024.json,b25f7e2f66228ac9be34bc524c941e380a7a74121dbf45e7bbee5472709f84eb
data-raw/ids_terms_all_lenders/DT.MAT.DPPG__248__YR2024.json,104eb94f70522ab996f78f9e3e160f57f98a7665f609fadea06fd41fbafa5dd5
data-raw/ids_terms_all_lenders/DT.MAT.DPPG__249__YR2024.json,f1a309ed85801e6a0c77454b4ed04ae4647aed65f7d0b2d0fe1183578f93dcc7
data-raw/ids_terms_all_lenders/DT.MAT.DPPG__251__YR2024.json,b3abe429430a66d688076368131bf76ab0afb1da0f606ab44a2a756fc40c3de3
data-raw/ids_terms_all_lenders/DT.MAT.DPPG__252__YR2024.json,bdec3600c81e87ef519555f072f1feca624280c14f947f7afe1c365ca83a379a
data-raw/ids_terms_all_lenders/DT.MAT.DPPG__253__YR2024.json,48630f2b09dbb3abb4a535f7fddd27197bf2b3622dc4927f8d05a5142e91767a
data-raw/ids_terms_all_lenders/DT.MAT.DPPG__255__YR2024.json,64599ced5e04375b00d352432492d7650adf4b70f6056da98053007f377f547f
data-raw/ids_terms_all_lenders/DT.MAT.DPPG__256__YR2024.json,6d17d4340fa93508230484e6f90f1ea34d402a676f77b0e4eb77533258b64a03
data-raw/ids_terms_all_lenders/DT.MAT.DPPG__257__YR2024.json,e38ee50f22afc5db9629c41a18abc484c2d5c14805983f87b0b900209d9ce5b9
data-raw/ids_terms_all_lenders/DT.MAT.DPPG__259__YR2024.json,c49c4c70f76ed44e83225f4e04d663b5e7f7d36946aff29e0e5c2f013a19a4bd
data-raw/ids_terms_all_lenders/DT.MAT.DPPG__260__YR2024.json,e244cd0112d56df4a5ff038f186a27ec91be8fa209a4f69d2c1421232586cb78
data-raw/ids_terms_all_lenders/DT.MAT.DPPG__261__YR2024.json,cdb4969ef4aac2ff93a6efc805320404407211ba156f5ca2285282b3f73f288d
data-raw/ids_terms_all_lenders/DT.MAT.DPPG__264__YR2024.json,809703d9d9b589a72fbed6a4db59b9ae3463e8e6186ee42302ef51b8bb035748
data-raw/ids_terms_all_lenders/DT.MAT.DPPG__265__YR2024.json,f1b42a09e4b0027196a397d2df4cd7e9575758ca3556c1686b9d1337bef69339
data-raw/ids_terms_all_lenders/DT.MAT.DPPG__266__YR2024.json,ef1a6c51461f14ca1eacc10ca7a4128a285374aa00cea96b99974cab25453838
data-raw/ids_terms_all_lenders/DT.MAT.DPPG__268__YR2024.json,9e0894fb07bb7e8f79376d40033731ee7056fe9e6dd64c76542c1cb2799ecd2d
data-raw/ids_terms_all_lenders/DT.MAT.DPPG__269__YR2024.json,9a1b8785d3eb0f3cfd1d08933ad5007a3dd0c233e54351256524de903a0585fe
data-raw/ids_terms_all_lenders/DT.MAT.DPPG__270__YR2024.json,6b6cc418a29a870ddce1a511bcbd8cf0e7c394f5fee4ac0e8a9b3783aaf8e665
data-raw/ids_terms_all_lenders/DT.MAT.DPPG__271__YR2024.json,860d40f9e699ee89185c9375a10f40e53638c74ce975251bebb36ca49e38cb72
data-raw/ids_terms_all_lenders/DT.MAT.DPPG__272__YR2024.json,f2fdfc76f3a43e2bea4b065f0a055afbded73514637bfec83ae49e22b72b8b3f
data-raw/ids_terms_all_lenders/DT.MAT.DPPG__273__YR2024.json,136d0c001379edb2171f51ba3271d0a82b49bc26c84b09302ecc0d71e5a81256
data-raw/ids_terms_all_lenders/DT.MAT.DPPG__274__YR2024.json,921f15991d03e52139b821b3cefdf2efc8be268fa49aa0bdfe3c0859ffbfd163
data-raw/ids_terms_all_lenders/DT.MAT.DPPG__275__YR2024.json,517d1942479c61ea84bba42a7fbb9998c884c1af37ca8ab9242edcdf93f62bd3
data-raw/ids_terms_all_lenders/DT.MAT.DPPG__278__YR2024.json,799afca317e39849287a2cd0b401f604efd0a56af1d41cd2e859a8fc032e1e50
data-raw/ids_terms_all_lenders/DT.MAT.DPPG__280__YR2024.json,25c60a171284af5ead48ef3d64b4f98e9d0af5f1c1b18698ccc64786933b6eb1
data-raw/ids_terms_all_lenders/DT.MAT.DPPG__282__YR2024.json,777d24fe3cdd2113f8a4b190a05ec08459ea8346a94914b5c6d3d716b20c3aac
data-raw/ids_terms_all_lenders/DT.MAT.DPPG__283__YR2024.json,cfd17ab56c10a405d85d8f97d67079d1a7e80680f0615e79acbebc7b283d9192
data-raw/ids_terms_all_lenders/DT.MAT.DPPG__285__YR2024.json,0f2affdb52a1a2de256837bfe523841fc888bb4eda66259b342132718504a66c
data-raw/ids_terms_all_lenders/DT.MAT.DPPG__287__YR2024.json,6e664e256862fd4ca4641892049982bfb44bb871b386e046d405633160b7ceeb
data-raw/ids_terms_all_lenders/DT.MAT.DPPG__288__YR2024.json,a836826a9c6e647e1951ba73cbc41b56b949f73dbeb05921892293b9601c798d
data-raw/ids_terms_all_lenders/DT.MAT.DPPG__301__YR2024.json,4583b30e781025b6d1cc8ed8dafc7eb862253ef0007a16d9a7e8900ec373facc
data-raw/ids_terms_all_lenders/DT.MAT.DPPG__302__YR2024.json,08cf8da3a19e06ddb8269b17a3cdd8680be55b5a69c0149238a75b656cedaeb8
data-raw/ids_terms_all_lenders/DT.MAT.DPPG__328__YR2024.json,7eac0be01141905c53c53126233f55369ef1483ef06c6b07da6b9d08fd7d307d
data-raw/ids_terms_all_lenders/DT.MAT.DPPG__329__YR2024.json,37df7416421bfa4b96fede6fadf8b52e1795d6e0f7ede1ec9268676f1838e28e
data-raw/ids_terms_all_lenders/DT.MAT.DPPG__331__YR2024.json,ad96ba75ab9dcc6a04a4bd0bab554364c6b9d8c1850d41c6f790dc8c4eeb87a1
data-raw/ids_terms_all_lenders/DT.MAT.DPPG__336__YR2024.json,bae3d60b9b64807bbe84ee1e3c3c1dd8d20472acfb43f13f23459bcac5275b69
data-raw/ids_terms_all_lenders/DT.MAT.DPPG__338__YR2024.json,830c6a6951fb9bd6b881e3df7080c71283ff0cc1a19e56189b3c0a587ab235ff
data-raw/ids_terms_all_lenders/DT.MAT.DPPG__340__YR2024.json,7d17f7260f4a8b6d3c69929f8301ca95321b1f7612ae91fea6936f492c703510
data-raw/ids_terms_all_lenders/DT.MAT.DPPG__342__YR2024.json,0793c2b603c20d47e15984240211c703ca89e7642cd4f2719e4aca701b4e313e
data-raw/ids_terms_all_lenders/DT.MAT.DPPG__345__YR2024.json,6c1c2d8a6bb3e0cf1960cf8055c1dc6ac51c9be652da5701bb16ed0e7d7974c0
data-raw/ids_terms_all_lenders/DT.MAT.DPPG__347__YR2024.json,a57e6420cae883f62fd483ad437f37c6b3725578f5b27eb2e7df5c74b64b385b
data-raw/ids_terms_all_lenders/DT.MAT.DPPG__349__YR2024.json,90d9330aa17eca9c7dc6a81bf3e335de0b53415e1a125a1951d0c120be90352d
data-raw/ids_terms_all_lenders/DT.MAT.DPPG__351__YR2024.json,e5efc0717eff323d80acca0ac69211c951899049e408a09fae8bd3653a1c9ea6
data-raw/ids_terms_all_lenders/DT.MAT.DPPG__352__YR2024.json,984ce7972989eb9fcd296059a1dd2b6030b465b076fa32cc467db64d6861d108
data-raw/ids_terms_all_lenders/DT.MAT.DPPG__354__YR2024.json,43934683a9b6ff66b3abf510bb2c83619a0cc687312c52df7439025fbc2131fa
data-raw/ids_terms_all_lenders/DT.MAT.DPPG__358__YR2024.json,1c557712d1968fab23ab95e7801ab02023cc6c17cb1bf6c45cad380b15527ce2
data-raw/ids_terms_all_lenders/DT.MAT.DPPG__361__YR2024.json,1b6468cefc664e62f3ec6743ced37d3e22d868bb2b300d734e5deec8e6c8a833
data-raw/ids_terms_all_lenders/DT.MAT.DPPG__364__YR2024.json,ae1f292aa331630a0d82cb8748351ff0cfe3eed015450c2aeb691ad589534ccd
data-raw/ids_terms_all_lenders/DT.MAT.DPPG__366__YR2024.json,66d9c836f84003abf41f63cdc340001c7ae3737e3193cac767c52ffd11bd8658
data-raw/ids_terms_all_lenders/DT.MAT.DPPG__368__YR2024.json,106801a2d889f63776f69b0ab401e7c781655f14df552187e0a674c1d6f046db
data-raw/ids_terms_all_lenders/DT.MAT.DPPG__373__YR2024.json,f5091b8b782a6589d4d73e1d2fd77161dd2987fa031f72b2bec6958b1694ffa9
data-raw/ids_terms_all_lenders/DT.MAT.DPPG__375__YR2024.json,a5f4dae6ff61e353f223fa1d6705de9d7aeca80853edb2e553a35217371844d5
data-raw/ids_terms_all_lenders/DT.MAT.DPPG__376__YR2024.json,04f5e9037a7ce7ab86b6a37b31aae2262da61ce655e25b75fb975719ea494c0f
data-raw/ids_terms_all_lenders/DT.MAT.DPPG__377__YR2024.json,772e504a2db1d3816bd1147090f73169f1b5ad45ad9c3a8a697fac5b4cc2c875
data-raw/ids_terms_all_lenders/DT.MAT.DPPG__378__YR2024.json,65b09f8b7114e55644e291367db0f24b8c838bd07eeee2debd1bdf66bd235c0e
data-raw/ids_terms_all_lenders/DT.MAT.DPPG__379__YR2024.json,f0e89760b1aa746da7ae76400bd4e1cbb1dbed012706a2660d9ea0f5f548a229
data-raw/ids_terms_all_lenders/DT.MAT.DPPG__381__YR2024.json,95762b7b20bcdac085c5583e0456fba3b6b5683c2bbef84b3941148585907e0a
data-raw/ids_terms_all_lenders/DT.MAT.DPPG__382__YR2024.json,373f70af2a06b8d25327c0b8fc78d1b5c6828eaf7146a7a31def4cfecfe8bd01
data-raw/ids_terms_all_lenders/DT.MAT.DPPG__383__YR2024.json,26bb55d0c4446b7eebc97a0e903013763e74c1534627c3c3a65c853ab7707e83
data-raw/ids_terms_all_lenders/DT.MAT.DPPG__384__YR2024.json,bd6de03b89a494bddbd2f766ce1280d34a94fb44f905c737276d99bdb14cbdd4
data-raw/ids_terms_all_lenders/DT.MAT.DPPG__386__YR2024.json,5960093127fc9793bbf313685705dd2ec7555268f6f428a451efc231ff3d20f3
data-raw/ids_terms_all_lenders/DT.MAT.DPPG__425__YR2024.json,2a5bf724c6c0928d4eda02005d1261aa239903ef22d95ca8fba1577a5c7a5ed6
data-raw/ids_terms_all_lenders/DT.MAT.DPPG__428__YR2024.json,48e66436d10602192f78d8d0efb2f00d54ac4876efd3427f203a0e5e3b1234a9
data-raw/ids_terms_all_lenders/DT.MAT.DPPG__431__YR2024.json,a29f700806c5f575c9c745d69d6bcd0e0c7db1eef77f22b743170abad4c0b5cf
data-raw/ids_terms_all_lenders/DT.MAT.DPPG__434__YR2024.json,e02bcfb7e8fb239d276b012a07276356c8d8e851702ff1cafc2068538247b115
data-raw/ids_terms_all_lenders/DT.MAT.DPPG__437__YR2024.json,1b74ede3fd3854e454667c1c795380acf92148caa78c441ab6b69d6919f3a40d
data-raw/ids_terms_all_lenders/DT.MAT.DPPG__440__YR2024.json,c314353b0b0065a3225a6e79ea3371bf9419f4920851fb736bf75bf1183c7690
data-raw/ids_terms_all_lenders/DT.MAT.DPPG__446__YR2024.json,02447d3fc22d981642723ae70a4ef7f0e8eac80567d913d100ca76280e8852dd
data-raw/ids_terms_all_lenders/DT.MAT.DPPG__451__YR2024.json,b0f0dcdae26736ad99389dc7c67d9cc6105e967b7847b79d9a24ca60f9be51c9
data-raw/ids_terms_all_lenders/DT.MAT.DPPG__454__YR2024.json,c2fed2db313faa32b32ae9f319539bbcc97c0c2670cdeb2ffdbcb6d9660a5694
data-raw/ids_terms_all_lenders/DT.MAT.DPPG__457__YR2024.json,5da5db218264f1491b240a92ebd01d463ea285d19cdc8a4231873548cc6b4db9
data-raw/ids_terms_all_lenders/DT.MAT.DPPG__460__YR2024.json,c756f9655454e2d7dee989c158b0a76b6536734c1f14079042db3a3bf7ebf5bc
data-raw/ids_terms_all_lenders/DT.MAT.DPPG__463__YR2024.json,f86916355eabc1c56be4284b5481bd231d7ce8591359d8b1389b50b87fbfd4e0
data-raw/ids_terms_all_lenders/DT.MAT.DPPG__520__YR2024.json,b70704fbd796578acc6429c0c4148fd9faeebb580d8c5b4b32402f42713266e6
data-raw/ids_terms_all_lenders/DT.MAT.DPPG__521__YR2024.json,5479d12ff286ef33f710f6e20b79950c2219fc857e88bbfb318048e606214f32
data-raw/ids_terms_all_lenders/DT.MAT.DPPG__522__YR2024.json,1d6a4431188d05c0cfd2b73fa4adb8e5cddb72d14dda15e6581aff25fd48a57d
data-raw/ids_terms_all_lenders/DT.MAT.DPPG__523__YR2024.json,d8bf374c5c476c803eaf64cefa1f99af8fe860f06e9059fc01242e0139656b0f
data-raw/ids_terms_all_lenders/DT.MAT.DPPG__524__YR2024.json,4de86b52d0dc7af810d1361cf2ba68f0091138e94ba3817c37e4cd95ef13cbe3
data-raw/ids_terms_all_lenders/DT.MAT.DPPG__525__YR2024.json,7de0d84819e32c51d3126a0a9ea4ce0d3cfcc46e153908dd39a60e17c48c511b
data-raw/ids_terms_all_lenders/DT.MAT.DPPG__530__YR2024.json,753bb877213d1f841c9df012b4abed868c1240b9c38ee3b23e83f8cb49e708a5
data-raw/ids_terms_all_lenders/DT.MAT.DPPG__540__YR2024.json,0737f207f749633adf26abe090357caa2e4dd8461434e091ee671cf1fd30e5ee
data-raw/ids_terms_all_lenders/DT.MAT.DPPG__543__YR2024.json,423b4529acca04f8345f6b2f7663ac00954943e9b981e3fe6adfebf026e2d848
data-raw/ids_terms_all_lenders/DT.MAT.DPPG__546__YR2024.json,bec9a4f96f387239093a3774cae44ec69c2d6f5f897acd833b9ae1d0dc5facf3
data-raw/ids_terms_all_lenders/DT.MAT.DPPG__549__YR2024.json,ee2b9d4fca96a026d2bf300656fa65abe259036f60aeec6bb29f9d6079125cf6
data-raw/ids_terms_all_lenders/DT.MAT.DPPG__552__YR2024.json,0a2e0b5ed9ba50a8d26d4af5f06c1de32fe76ab92d0caa272158453d0ba6eaca
data-raw/ids_terms_all_lenders/DT.MAT.DPPG__555__YR2024.json,39754b8613290a8f733125ed141b55041c6f94bf922095ee44a6f0fd3c1b5eaf
data-raw/ids_terms_all_lenders/DT.MAT.DPPG__558__YR2024.json,9a5b7cfbd4ca5afb6e2092c3623295d30c80d59c3ee884bce90bf0f1ac5c80cb
data-raw/ids_terms_all_lenders/DT.MAT.DPPG__561__YR2024.json,1aabd378619d44593b53ee64f6433b4e702db8c3d81ec24e743f98c3689a2b50
data-raw/ids_terms_all_lenders/DT.MAT.DPPG__566__YR2024.json,a40acca2cecc17d063780122e945be7337dc55fdf178d991ddf364415b34836d
data-raw/ids_terms_all_lenders/DT.MAT.DPPG__573__YR2024.json,313a53845f32b5c6fe9f2190abb199b0159bbced46e4a8b45a72e66b29b500ba
data-raw/ids_terms_all_lenders/DT.MAT.DPPG__576__YR2024.json,f4e94aa064379c642e7b1e08db4cb42303b9d4f0843b9f9c65b5ba0dcfd2211d
data-raw/ids_terms_all_lenders/DT.MAT.DPPG__580__YR2024.json,dff4123844131ef96b4c370958129b2dc3f44439289b69cbf9d5eabf8fe599a3
data-raw/ids_terms_all_lenders/DT.MAT.DPPG__625__YR2024.json,ada1b112395a15012543b290ff4089b8c54d93dd053f1da5a3be2ad0d3e4b33c
data-raw/ids_terms_all_lenders/DT.MAT.DPPG__630__YR2024.json,1e487a88c729506544cdd702181999a474138e667cc4d887c11539a3bd127e7e
data-raw/ids_terms_all_lenders/DT.MAT.DPPG__635__YR2024.json,3e8764d1011a65b6a7acc0afa3383353b539e2bdb33c0390ff77f91eef596863
data-raw/ids_terms_all_lenders/DT.MAT.DPPG__640__YR2024.json,3b03db389798e30c7b8248aa5aa8b270bb145cb16493317179d3b4972895c60a
data-raw/ids_terms_all_lenders/DT.MAT.DPPG__646__YR2024.json,b54e7f74de5ffd3024661af77c19b0cf26e63ccd552511c793ce02aae17e4a85
data-raw/ids_terms_all_lenders/DT.MAT.DPPG__655__YR2024.json,7758c4e2ce4168d811b52783026dd0138fc1c88aea6c0b28e76b17ca34f69e61
data-raw/ids_terms_all_lenders/DT.MAT.DPPG__660__YR2024.json,d265be1ef148a09256ae7a47f82d39d9bf7dc745e7b1ac4a206e8ff31ca01661
data-raw/ids_terms_all_lenders/DT.MAT.DPPG__665__YR2024.json,ca0c32e199217848d704e14d3163ad61d4b0cfc2d727307878d7c23e5061904c
data-raw/ids_terms_all_lenders/DT.MAT.DPPG__666__YR2024.json,59f6825e5263c977a10d76a70bce4a52929b2890c67af65651916f6037742383
data-raw/ids_terms_all_lenders/DT.MAT.DPPG__701__YR2024.json,de2b11df012657255c1b85aea38662b4a980bab81431da6087278b5df9e52cfd
data-raw/ids_terms_all_lenders/DT.MAT.DPPG__725__YR2024.json,6580fc23b5fcc3aa9f0d229cf11de951afb147b07ef4a7264dd39e4b07a6efce
data-raw/ids_terms_all_lenders/DT.MAT.DPPG__728__YR2024.json,e770b662f54af628aa3532847f8b6ce109ae9a51744195575cf91835eb62be37
data-raw/ids_terms_all_lenders/DT.MAT.DPPG__730__YR2024.json,9c2b1eb8fd530fee4411eda2bb868dc9213e42c0ec4d2c7a7dd648f72f45c807
data-raw/ids_terms_all_lenders/DT.MAT.DPPG__734__YR2024.json,71a297b191fabf21b90f7fa1e881fdcb2d8f33a96a199c774a847c7c402a98f8
data-raw/ids_terms_all_lenders/DT.MAT.DPPG__735__YR2024.json,c5c37c8c2728db1a36c8acb94977067692ea8f3afde69f0d0df7c39faf8a95ec
data-raw/ids_terms_all_lenders/DT.MAT.DPPG__738__YR2024.json,4d694eb04f3195325ce2a5d8ed448f23b7bbac110377c2ed60245f6e9bb34e9b
data-raw/ids_terms_all_lenders/DT.MAT.DPPG__740__YR2024.json,bb75550fbae9fc4e7ebe62073bca6e559a90561446c9b7d1f7b20c256119f3b2
data-raw/ids_terms_all_lenders/DT.MAT.DPPG__742__YR2024.json,8ebb6e4c4290aa7852bbcd18324033415fdcbacb4532a5186ea1a9e32363f899
data-raw/ids_terms_all_lenders/DT.MAT.DPPG__745__YR2024.json,026c7f4c7609afc43d6c4bb4e790d1e89467dc97b6cc69c027cad70427c6dd4f
data-raw/ids_terms_all_lenders/DT.MAT.DPPG__748__YR2024.json,4ae88008db26a5a98a7802d8034696f14c5df460e4a63f7f2a105cea83ca2f4d
data-raw/ids_terms_all_lenders/DT.MAT.DPPG__751__YR2024.json,84179141b35c03dd62af6d09ad190a07689d9aa6be240b9a284f5147283ed7c7
data-raw/ids_terms_all_lenders/DT.MAT.DPPG__753__YR2024.json,87216cbd4ff1e66574a462e00971184bf26b294a304be957e3f9c40ea460b325
data-raw/ids_terms_all_lenders/DT.MAT.DPPG__755__YR2024.json,7f34de5773ab015e32084ba6e78720565578c4adb730b889e45268c3347e4e47
data-raw/ids_terms_all_lenders/DT.MAT.DPPG__761__YR2024.json,74e9b35134279503bac622d9ed4b3dddd60aea12102f48388ab34a94e011ea80
data-raw/ids_terms_all_lenders/DT.MAT.DPPG__764__YR2024.json,4ece323290430c2e14c8d448aa524a1533cecd5fa1ce71881d4909b24844c418
data-raw/ids_terms_all_lenders/DT.MAT.DPPG__765__YR2024.json,b396d42738fda16884dd7dd8987d874025b4e0c1d90a4baf0167cc845ae1dac4
data-raw/ids_terms_all_lenders/DT.MAT.DPPG__769__YR2024.json,ace83becf59677cf7debcd848775c8b1c83c9377dbe37bde31a9fe7e055bf9ec
data-raw/ids_terms_all_lenders/DT.MAT.DPPG__801__YR2024.json,97b6a8c9ec6d3760679ff335af088615047a9e9ed1e63f99af2c7767607a08d7
data-raw/ids_terms_all_lenders/DT.MAT.DPPG__802__YR2024.json,9ce51e1ed48758245dc93cd6ef5af7cf482914045680e3c7a42b8ac9758f2ea2
data-raw/ids_terms_all_lenders/DT.MAT.DPPG__803__YR2024.json,06c37eb04342b3e177fd70443aae75d46c94f56902dddf4c79aa01b0ae4448fa
data-raw/ids_terms_all_lenders/DT.MAT.DPPG__804__YR2024.json,e9d41557cec78c0d1b8bf12cf9d65e76304534c951a980659ca0bc7a87019302
data-raw/ids_terms_all_lenders/DT.MAT.DPPG__806__YR2024.json,da29c733f7d97d24d7b9b50c960df1f2669d09b022bc2d9f17a40a518bb6190e
data-raw/ids_terms_all_lenders/DT.MAT.DPPG__807__YR2024.json,480f9d2b752fad5d131ce5b8fa6aa1c41fe3951b20fc5b5cd4576ce00458e9ab
data-raw/ids_terms_all_lenders/DT.MAT.DPPG__808__YR2024.json,b34611817c7acc32b149b2b5608863ba1c359f74d7b773d4ca4664392a05fa8f
data-raw/ids_terms_all_lenders/DT.MAT.DPPG__809__YR2024.json,8278d89bd44a4c336440b2b58de7e1cc76154aa8053ec9810788237fea9f5e7c
data-raw/ids_terms_all_lenders/DT.MAT.DPPG__810__YR2024.json,00d2cb35fbc3c324eb0b039a2cd45aabafb3b585eb5eeda18e308cf667fffe24
data-raw/ids_terms_all_lenders/DT.MAT.DPPG__811__YR2024.json,7f540d9de0d08b3cfdf2f846faecefdb623d59a4d4501930484e5a2a92664934
data-raw/ids_terms_all_lenders/DT.MAT.DPPG__812__YR2024.json,9e6ebffed31ec2f394cb221d8be3dceb04a704ef583a144bba372a8483375892
data-raw/ids_terms_all_lenders/DT.MAT.DPPG__813__YR2024.json,e8665d469d4041d171d97984675cb5cd2ce5b6097b8344a0c748b7b9c6489070
data-raw/ids_terms_all_lenders/DT.MAT.DPPG__814__YR2024.json,51af510bf86c90f46e8051888eeeb11fe0677d59d79f5e01c6155d3ffa0c8758
data-raw/ids_terms_all_lenders/DT.MAT.DPPG__815__YR2024.json,91af4a9eed9f5a21f6457e42650e65abf6bfde49e12c2bab277eb27d0529b60c
data-raw/ids_terms_all_lenders/DT.MAT.DPPG__816__YR2024.json,6e3f60e62b60cf15fffb217fc60eb4b5b5ec461431c6a983c81bf0d776e7fffb
data-raw/ids_terms_all_lenders/DT.MAT.DPPG__817__YR2024.json,5b74aaf1f4cd6fafc34bc3b83a8ddfbf1a9719dc721baeb6a96d4df75d6c950c
data-raw/ids_terms_all_lenders/DT.MAT.DPPG__820__YR2024.json,2219347912e42274d4787be3c9175142cc36b53edd3d005f4b078b0b38d8c364
data-raw/ids_terms_all_lenders/DT.MAT.DPPG__832__YR2024.json,4d19c54b454d25943db2a3378cf8c6ce6b45054c5546471331da6703bc4a83e8
data-raw/ids_terms_all_lenders/DT.MAT.DPPG__836__YR2024.json,9169a9c86014d9a670ca2fa41d503d6a9178ed7232acf6a709242b0587c1dafe
data-raw/ids_terms_all_lenders/DT.MAT.DPPG__840__YR2024.json,862a3a72c4a336a121c2b97123208360f800dd74dab1d9de3aab8ec1f05f4dd1
data-raw/ids_terms_all_lenders/DT.MAT.DPPG__850__YR2024.json,2b0dd618d72ef1ec2fbcd004a5e581949828128e68a39603868a8d5fde1e3325
data-raw/ids_terms_all_lenders/DT.MAT.DPPG__854__YR2024.json,7af8eee1f8ba66c0c0e311ca42bc82011bc49a163d0912374e8fe44efec8ccba
data-raw/ids_terms_all_lenders/DT.MAT.DPPG__858__YR2024.json,0e755825a566a104e5ae38c2e9bb00d7520524149bb729424548330fac72f94d
data-raw/ids_terms_all_lenders/DT.MAT.DPPG__860__YR2024.json,09a027def74850855a8fb2a69d6787b2fd2e7fe221ffee789aac756e055a4f79
data-raw/ids_terms_all_lenders/DT.MAT.DPPG__862__YR2024.json,be1931e88ad3adcccf25ab0ae94574eea08942114cba4342cadfbb23c8baa19e
data-raw/ids_terms_all_lenders/DT.MAT.DPPG__866__YR2024.json,883869520708097ef8574d3ddb07b530ef94961c6c4d27aa35cd5692e178114d
data-raw/ids_terms_all_lenders/DT.MAT.DPPG__870__YR2024.json,edb33e0986ec895d4dd255907cb5b39301edd47c17bd3be19e880069b7722d5a
data-raw/ids_terms_all_lenders/DT.MAT.DPPG__877__YR2024.json,561d4c88c921c7fdd171850c0b7a469a902608d729bbd630fe23a4ccd2189820
data-raw/ids_terms_all_lenders/DT.MAT.DPPG__878__YR2024.json,10f4d459d89e25fb2c503f0c0fc32f19a411fe1eed353d939325e139db731838
data-raw/ids_terms_all_lenders/DT.MAT.DPPG__880__YR2024.json,f556054f92db26876cf0b72523e8371eeb6c68db90456478010a1248543ea506
data-raw/ids_terms_all_lenders/DT.MAT.DPPG__887__YR2024.json,185b3215d7dad703d846b5fcbc0a5a8018b8e186b0ae9dac9cc700a73a311967
data-raw/ids_terms_all_lenders/DT.MAT.DPPG__888__YR2024.json,2a243f68fd589ab6537a45dcd139dcdcc1b0a24b636262710afcbe6170fc19e1
data-raw/ids_terms_all_lenders/DT.MAT.DPPG__890__YR2024.json,50ea2451ad4f9069ccf52988dad503ce70988df6dbd4f3ace71a083e1d77b451
data-raw/ids_terms_all_lenders/DT.MAT.DPPG__892__YR2024.json,f83b99af7e7aa837a0e5f8a999188b179ad65b0e4aff04c8b4c43b07055ffbfb
data-raw/ids_terms_all_lenders/DT.MAT.DPPG__893__YR2024.json,496ff3562dc21fb740424a55eecb99032aaf7d30bb23299099514b222f78ab05
data-raw/ids_terms_all_lenders/DT.MAT.DPPG__895__YR2024.json,f1bdba7b289333c1302693ab81b36efcdddd78e2e19a4f15ddaf864c7dc9c3ae
data-raw/ids_terms_all_lenders/DT.MAT.DPPG__896__YR2024.json,aceee61c08a35e6b35e53adbb6124341a75aee31cc2c172938599a0a264555c7
data-raw/ids_terms_all_lenders/DT.MAT.DPPG__897__YR2024.json,d3d20c043da15a1e00f0245ba8a0e3a329572813d424409068b12cf140c1f9b1
data-raw/ids_terms_all_lenders/DT.MAT.DPPG__898__YR2024.json,4902622a3b918ab712f61c7117f9d705885e000aaa1d34e138699e0b91f008cb
data-raw/ids_terms_all_lenders/DT.MAT.DPPG__899__YR2024.json,36df1e32908db6462cc33b1c246e5d8023efc24a7f3b9c5fbb4606ade2762fef
data-raw/ids_terms_all_lenders/DT.MAT.DPPG__901__YR2024.json,96ccbf60aaa64edc808beda554a19fc5310f268f11388b73e79ea366d0b69e99
data-raw/ids_terms_all_lenders/DT.MAT.DPPG__902__YR2024.json,314172c4b192b963bfb80839789e89a1291da54d7f9f7b31269adee7f7d7d4f6
data-raw/ids_terms_all_lenders/DT.MAT.DPPG__903__YR2024.json,ba28a7b31b3873783bce4a61c8d478443138ab8eccd3b68d4ff2e5cc2ff9a391
data-raw/ids_terms_all_lenders/DT.MAT.DPPG__904__YR2024.json,7a356ad91f628f09748224edad86f6ea87a1a2db7438d5a140508327f11fbef8
data-raw/ids_terms_all_lenders/DT.MAT.DPPG__905__YR2024.json,9719c7fe6b17d5d679863b08a38f9565ff51fc68a448c6a756ecee40afab2545
data-raw/ids_terms_all_lenders/DT.MAT.DPPG__906__YR2024.json,0c515584a8e08936bfbbedc2ae706f90a5a3909294a005222f26ca9dc8525862
data-raw/ids_terms_all_lenders/DT.MAT.DPPG__907__YR2024.json,66dc5c356233a062fd7821a833989c9bbaaf10d69b6d7629cf87f67eee3dba70
data-raw/ids_terms_all_lenders/DT.MAT.DPPG__909__YR2024.json,ddcf6eaeee3c1a8d5e7e28820885e34fbd1f900be903bed80560cfdde8b82cae
data-raw/ids_terms_all_lenders/DT.MAT.DPPG__910__YR2024.json,b5778e7b7addf0adbd16bc6fc53ac7ca22b842955c3d0bdb885a0f7bc61e98a0
data-raw/ids_terms_all_lenders/DT.MAT.DPPG__911__YR2024.json,ea95fd89cc431314192b1323193da8f752c20d1e0b250ce163fd1be5227ed0a1
data-raw/ids_terms_all_lenders/DT.MAT.DPPG__913__YR2024.json,87d8205c87dff0934220bfb1944e28edfaa452887d8e0075429010078ffb2490
data-raw/ids_terms_all_lenders/DT.MAT.DPPG__915__YR2024.json,49eab0d626f185c6078a93e42337174f738dbaf97dc0df7c60516efa9b96abe0
data-raw/ids_terms_all_lenders/DT.MAT.DPPG__917__YR2024.json,f632c0045c38fe26f8102c135c2caa6c3d4f8e7fda2e5425d3e66f044b0408b4
data-raw/ids_terms_all_lenders/DT.MAT.DPPG__918__YR2024.json,3fa014354c4bd301265ae240410e6dc62e86e5e4d05527a96568b508a66a92a2
data-raw/ids_terms_all_lenders/DT.MAT.DPPG__919__YR2024.json,dab30d5c3206236bfb265d200f19da6684a7c5ca1cf8adfb0b8286e2287a3e3e
data-raw/ids_terms_all_lenders/DT.MAT.DPPG__920__YR2024.json,95674eb80b44f77f50855bd50b3ce000e593626b55f6124779c07288ccee79fb
data-raw/ids_terms_all_lenders/DT.MAT.DPPG__921__YR2024.json,d443687a02189368f4e8c5c8e0ba55fba4cbb3efb651a656c6013c0bc448755d
data-raw/ids_terms_all_lenders/DT.MAT.DPPG__922__YR2024.json,53a65766f3e89ef607cd299622a2bb537dafc3359977d4dc88ee6fa4a9586686
data-raw/ids_terms_all_lenders/DT.MAT.DPPG__924__YR2024.json,1719041c7af00c8eac6ca66b79381185160e72d9cd645036661958b29adb3ac0
data-raw/ids_terms_all_lenders/DT.MAT.DPPG__925__YR2024.json,3c937a2a75d3c2bfa0b3183d6993ea646ad53648b76850a0c6867194dae31bf0
data-raw/ids_terms_all_lenders/DT.MAT.DPPG__926__YR2024.json,16c599bb859834af4dd8466037158b43ba14f5f29f475ab1af1908b22a11fb6e
data-raw/ids_terms_all_lenders/DT.MAT.DPPG__927__YR2024.json,e8b1769a0217178470120515e5be20ed42e7ea46fd7781011b9e9abdedd09bf9
data-raw/ids_terms_all_lenders/DT.MAT.DPPG__931__YR2024.json,0d5a266b8f694b432ff38619532dbed8837c6cb532c88482d6873ab3b70c1267
data-raw/ids_terms_all_lenders/DT.MAT.DPPG__932__YR2024.json,20ff13484c79739ec09d545287deb04c613ca08926a5ad40c7cc4ea51451221a
data-raw/ids_terms_all_lenders/DT.MAT.DPPG__933__YR2024.json,63a2b4ee6f87ed4f9e3ec2e805852244a2fcfb149e9921874fdf21e6e4e2d623
data-raw/ids_terms_all_lenders/DT.MAT.DPPG__939__YR2024.json,96059702f03836c58da59af621387d123ff344488d994e27c371255903203371
data-raw/ids_terms_all_lenders/DT.MAT.DPPG__940__YR2024.json,39b4aaa9e53301b6ce60c709daad7f5c6b2adf37462087e4bb3223db1d23b941
data-raw/ids_terms_all_lenders/DT.MAT.DPPG__942__YR2024.json,0be9deadd32d35504acbc89210a6f262d0ba64f5ee09361ca90899d6b3e1b6cb
data-raw/ids_terms_all_lenders/DT.MAT.DPPG__946__YR2024.json,5008f7f8243f832d33b3318bdde3088797f3e7258953a98cd7966c98075598d9
data-raw/ids_terms_all_lenders/DT.MAT.DPPG__947__YR2024.json,865e30d1c3290d029f6050e535cafa410cc07b0d6d2cd4b72a948ba2373303ca
data-raw/ids_terms_all_lenders/DT.MAT.DPPG__948__YR2024.json,4b2a2a60d5ea00609bbb80d74e0291ec3d7ec3b1fc9812697fb614bbccc06dcc
data-raw/ids_terms_all_lenders/DT.MAT.DPPG__950__YR2024.json,eb787a5dc56967ec3d434bde339152c2dbb1e0051933153a7a7e8016edf27cbe
data-raw/ids_terms_all_lenders/DT.MAT.DPPG__951__YR2024.json,140bda850f6c7b5325293f760b054d29d3f1c2b9b464313ae2f979dd1d8cd300
data-raw/ids_terms_all_lenders/DT.MAT.DPPG__952__YR2024.json,34d9422a12f17e25462f41e0484fdbe37ea2fcfc26607077230b000382a9e3f1
data-raw/ids_terms_all_lenders/DT.MAT.DPPG__953__YR2024.json,bdf6dc75972f469049ddcc1ebe0e19b464667039e00b98789deac2659f900026
data-raw/ids_terms_all_lenders/DT.MAT.DPPG__957__YR2024.json,a2122a1576031b1512784524e1ab24d015882a83dc604e2f6ea0b3c5d21053f3
data-raw/ids_terms_all_lenders/DT.MAT.DPPG__958__YR2024.json,839edab436559c37cfdac139e963d5ee24787fd36ac7e7ce8af481a7c3bacab8
data-raw/ids_terms_all_lenders/DT.MAT.DPPG__959__YR2024.json,f17e06077953b8289c0fba2fcf8000221fa666b533e0c903e8abec508b58716b
data-raw/ids_terms_all_lenders/DT.MAT.DPPG__960__YR2024.json,108928065ccf1f63b91abc27bfa51ccb29d4fbeb0fc5bc861ef8886367a778a7
data-raw/ids_terms_all_lenders/DT.MAT.DPPG__961__YR2024.json,34c1c829e1adf64a4a25aa471e0c2ded06b6d75345914006c37d396da449976c
data-raw/ids_terms_all_lenders/DT.MAT.DPPG__962__YR2024.json,b1f6d2edf5ccdc281ba6ad148d2975ca0da7dd50913078434e844f556c9b4b86
data-raw/ids_terms_all_lenders/DT.MAT.DPPG__963__YR2024.json,04a0df9bf47d57f4b3311f8a4d4cd90bd81a6e28067c04e792b398540f83198b
data-raw/ids_terms_all_lenders/DT.MAT.DPPG__964__YR2024.json,58d4e418b8f915b6d8c16f0886d483e71d4a8582a57ffc0470f2cdf36689f0e9
data-raw/ids_terms_all_lenders/DT.MAT.DPPG__966__YR2024.json,cc3da771ddee3588e61b00f365ba6084c12f5b713ac0fd653ca67fcc5918c881
data-raw/ids_terms_all_lenders/DT.MAT.DPPG__967__YR2024.json,7cf22230672dd4600bde80b131de67273e6c897dac886d68e4aa90442e73c391
data-raw/ids_terms_all_lenders/DT.MAT.DPPG__969__YR2024.json,de1fb4ccdd170be6fa739e3b89a6dcf3804711bb0f91abd352eb3b05aa8f063e
data-raw/ids_terms_all_lenders/DT.MAT.DPPG__970__YR2024.json,1cbac03175700465212675b60b9506c132548fef0e4e34aa7542373e94f236a3
data-raw/ids_terms_all_lenders/DT.MAT.DPPG__971__YR2024.json,555e346371190d7794c7b8d3baa93db2f20cb2a9241b067d9ae9b0cbe570873c
data-raw/ids_terms_all_lenders/DT.MAT.DPPG__973__YR2024.json,cfccf96f276fa8137664e54bb3f7d02fb7384200f1207664043d20dda6d3b2cf
data-raw/ids_terms_all_lenders/DT.MAT.DPPG__974__YR2024.json,55fda80ae77d26dec899aa3c488ba33567ab6573502d8d0287697ab12ad7e949
data-raw/ids_terms_all_lenders/DT.MAT.DPPG__975__YR2024.json,0ee510ad14e8a596624b20e67313015a54792204d71bf02046b333081b441cc8
data-raw/ids_terms_all_lenders/DT.MAT.DPPG__976__YR2024.json,f89c3235ea51d49527a555047e5e595ea4be498dd0573e15ed4c2c9e44f0391e
data-raw/ids_terms_all_lenders/DT.MAT.DPPG__977__YR2024.json,fef27afbe499ccfd78818f71026f05c43193c44616f4489235328f5974a06b1d
data-raw/ids_terms_all_lenders/DT.MAT.DPPG__978__YR2024.json,a00be141b66c2d0261769b0f079c7f780733b1ec3636ebfdd183d7842476d1b3
data-raw/ids_terms_all_lenders/DT.MAT.DPPG__979__YR2024.json,01a82b083812b30ac6e79468846b401019182be1255e66413189c59305f7fb39
data-raw/ids_terms_all_lenders/DT.MAT.DPPG__980__YR2024.json,f55c2da857bff730660db4104223bb260d085cd2050e17be9ef6fa7d2e5b3377
data-raw/ids_terms_all_lenders/DT.MAT.DPPG__983__YR2024.json,44ea587b959e3a6fb12203f61c52916d5b5f51d50df36edf87774496abd22687
data-raw/ids_terms_all_lenders/DT.MAT.DPPG__987__YR2024.json,cba9e735fb96d8785251bc531ede69993c9cf2b7af4193fc3b6c18496e16d4ab
data-raw/ids_terms_all_lenders/DT.MAT.DPPG__988__YR2024.json,30c9bc79b35978e0cf3c53c36630e7e3d5b4bf21cbb7c86c9d33a167516ea9fc
data-raw/ids_terms_all_lenders/DT.MAT.DPPG__990__YR2024.json,387c14c75038c386dec5bcb135aa6410cb0ac7c16fae0e6e1e8d25b086aada22
data-raw/ids_terms_all_lenders/DT.MAT.DPPG__991__YR2024.json,024b5718cc221216718c9f7a8532d246c85495d61249d94d62315758d19d5570
data-raw/ids_terms_all_lenders/DT.MAT.DPPG__992__YR2024.json,7eaab8ff913f5db96860913c896fe91ceac27b011af80c08b7314e442ec820b9
data-raw/ids_terms_all_lenders/DT.MAT.DPPG__993__YR2024.json,a76ba72b65e380aa9354c3bc311b6689372abf0fd6c7ba08cd2e01911174800f
data-raw/ids_terms_all_lenders/DT.MAT.DPPG__994__YR2024.json,62b6463ebc4db6891d001798023ef91e6526228508bf1cb1cb7b2a5c96c30b49
data-raw/ids_terms_all_lenders/DT.MAT.DPPG__997__YR2024.json,398d38cb26c44b1a3884bf9c64b293f63c1d835bbfdaba70dc0b2621504f7052
data-raw/ids_terms_all_lenders/DT.MAT.DPPG__BND__YR2024.json,bd59e49d890c0bbe982a19ab6edc98cf24d255bf07260379ad11f70fd6056a72
data-raw/ids_terms_all_lenders/DT.MAT.DPPG__FCW__YR2024.json,1a2cee254224de6bf65412052b3ca4e26ee39400de9e6f76e23777480154d446
data-raw/ids_terms_all_lenders/DT.MAT.DPPG__WLD__YR2024.json,28d9c33d36d06614f1864a48315ef63016a143699d0d70f534dad868e0b795d8
data-raw/oecd_crs/2026-05-25/crs_2024_dotstat_v20260408.zip,ce0ae86bb42e3f8d78c8b86a166ce1a346ce3daa6836189390a8fc5f1f711c79
data-raw/oecd_crs/2026-05-25/crs_dataflow_references_v1_6.json,34d82d4834f07b8c7900a3662fea48bd84f1c475a5e9174ed3dd98be1ba226b4
data-raw/oecd_crs/2026-05-25/dac_tables_crs_codebook_2025-08-19.xlsx,14e5f502d67ac2f6027e4625f11adb1251d8847689eaead5abe046dd0bba36eb
data-raw/oecd_crs/2026-05-25/SHA256SUMS.txt,6af73423f0e4b9fdceb0e01f8aebe2e48be50107ac780b5008d58c2265c40881
data-raw/oecd_crs/2026-05-25/source_manifest.csv,e503fabd31af91747e8a87e87cf4eb08d90178d775358451cee2cd0da54a4450
data-raw/oecd_crs/2026-09-11/crs_2012_dotstat_v20260408.zip,c92b2db8141fecd4ab9d275b9757dd090eaeb8c388659ed1d7a77e21fedcaaf3
data-raw/oecd_crs/2026-09-11/crs_2013_dotstat_v20260408.zip,828774b35d1259fdd99715b3b84fad6891bd92286224ef83f7d68b7dc3836840
data-raw/oecd_crs/2026-09-11/crs_2014_dotstat_v20260408.zip,11ac2ac44bf93216ca231ac0e7c6080555e1a6c1decb7db381466455299cc8e5
data-raw/oecd_crs/2026-09-11/crs_2015_dotstat_v20260408.zip,d49e5c837c9d1607dbab12800b14d5dd2d690601d782bb6cf2b26683b0d4985e
data-raw/oecd_crs/2026-09-11/crs_2016_dotstat_v20260408.zip,c1621e98304a985f98e5c7554b8c3ca47bb1889f3a90e2a6bdd45b3b472b3716
data-raw/oecd_crs/2026-09-11/crs_2017_dotstat_v20260408.zip,6e1adad99a95bd563fa52312a1e4ff4655c13034875569c883e2618006279b9d
data-raw/oecd_crs/2026-09-11/crs_2018_dotstat_v20260408.zip,f02a45b7bf474e08a9e0b3039936cfe076c6ddebc0227e61157fbad847f6902d
data-raw/oecd_crs/2026-09-11/crs_2019_dotstat_v20260408.zip,232022c3fe08406460711dea7184a39f841625383682851f9efdfbd074d050a7
data-raw/oecd_crs/2026-09-11/crs_2020_dotstat_v20260408.zip,2bb47e3cb08cea65a439373a49ec7beeb95f1a50bd9cc410d65f0fe7619c7142
data-raw/oecd_crs/2026-09-11/crs_2021_dotstat_v20260408.zip,6f4e5546927874dbf34372fe0b1f6a860bec12507e42aaf5f646bd2958a7eff3
data-raw/oecd_crs/2026-09-11/crs_2022_dotstat_v20260408.zip,380785d71c1fb96209632ab83ebd3cd52fdb4f056e9f0a06f8a8b08005bcd0ef
data-raw/oecd_crs/2026-09-11/crs_2023_dotstat_v20260408.zip,facdcde3f4be13b3f550c2da148aabea95c8aa09c1308c73908471678a2e1005
data-raw/oecd_crs/2026-09-11/source_manifest.csv,ea413dbcc39d7dc9802e4bd8810badb19db23028a2f04cd1dc6612e625ecf9e2
data-raw/world_bank_countries.json,d985536335fa799f893291d736b6e4e12b871ca9b927acf50b204367a52ab4e3
docs/governance/P15_BULLET_EQUAL_TERMS_PRECEDENT_2026-09-09.md,f421c8702365e706e9234147a0c3cb1d2ab5c982828958f38f4c7df6fabd2c85
docs/governance/P15_DATASET_ASSESSMENT_PROTOCOL_2026-09-08.md,eb0ae30ea9250101b47dc0082f608057064ff6fc879611c21550fc2444fabd22
docs/governance/P15_DEEPER_ASSESSMENT_PROTOCOL_2026-09-08.md,4a3978487671be348808d50a960493268501a033ca1909797501bac23f818ba1
docs/governance/P15_OFFICIAL_DAC_MAPPING_AND_COMPARISON_PROTOCOL_2026-09-08.md,b86522f4a7dd73d75eddac3358ae1a1e6340e00e583b0971b66f0b2c7f4656e4
docs/governance/P15_POLICY_COMPARISON_PROTOCOL_2026-09-08.md,369819d0328e8850765275b68513dcfc9c71c72f5849ba6233bfb2a6b16d7a78
docs/governance/P15_PV_RATINGS_IBRD_AND_REVERSALS_2026-09-09.md,f9cc4e10e0cacc2c76ba01f1a067f169f9ebc5cf3f658d60f1dec85a418c0559
docs/governance/P15_REGIONAL_ASSESSMENT_PROTOCOL_2026-09-08.md,43ce4e92debab51d77572b53bf4bc5178aec55be724162b6cacf9a8a8fe3e887
docs/governance/P15_YOY_AND_EXTREME_CASE_USE_2026-09-08.md,53335179731c91682866b166f3d1f70e375e739e14b2daa1ccfd38c0b98d6d8e
docs/repayment_profile_method_workstream/scripts/build_repayment_profile_lockin_gate_2026_07_01.R,ee3538523e97442ecf5753e350dd92dd3afd4447131b9181255a0d4dba6cfa1e
docs/thesis_design/feedback_2026-09-10/BENCHMARK_ANALYSIS_DESIGN.md,0d7e50e0618d3a9b903a942bd3ed9a7c8c7d716c38c3d0a07a61f59ffc66b6c8
docs/thesis_design/feedback_2026-09-10/REPAYMENT_OUTLIER_DESIGN.md,d01e120c649b4d47bba4a374ba91b655ee1b422e32e2f9389d3b4cf618d3ed40
docs/thesis_design/feedback_2026-09-11_followup/CRS_MODERN_SUMMARY_DESIGN.md,07005dd48aabcaafbe00189a85fac19ca56ac05af99fea88b494256ff26726f3
docs/thesis_design/feedback_2026-09-11_followup/GBOHOUI_CONTEXT_DESIGN.md,154a511227e5b4ad95cd58f2d8773f31c3b7f3d80bfd791127016bd9e05b7c67
docs/thesis_design/feedback_2026-09-11_followup/OWNER_ANNOTATIONS.json,20b3432697fb003d0418ea716b16eb3c6fcedad6630d8a2634f6d5e70625026b
docs/thesis_design/feedback_2026-09-11_followup/PANEL_DISBURSEMENT_DESIGN.md,b1dd040d85a38779121bdbaed7a75dd5a6a0760bbdf9de0d74128c6b6083eb9c
docs/thesis_design/feedback_2026-09-11/CRS_SOURCE_ANALYSIS_DESIGN.md,4ff132d63a79d2a492869b33f115dee203b03c189265ba663911e2063f024671
docs/thesis_design/feedback_2026-09-11/OWNER_ANNOTATIONS.json,f19807903a92f3810b0b6b672232126db1d9b70acf4a10d4dadbf483de71a1b1
docs/thesis_design/feedback_2026-09-11/REGIONAL_ANALYSIS_DESIGN.md,38fed031ec4f8e4949fbad474e80528535b5620d8e962bdfddc16e0013127c09
docs/thesis_design/feedback_2026-09-11/STATISTICAL_ANALYSIS_DESIGN.md,9e4e2e909e21e09aeab8753f54aa240c5635cf8dead5e449cad08237d101685d
docs/thesis_design/loan_period_followup_2026-09-10/INFERENCE_DESIGN.md,e1af5948774044b7a3cb16f22100323b186667b535d0aa366472140ce2d8502c
docs/thesis_design/loan_valuations_2026-09-10/COMPARISON_DESIGN.md,3d8a66511a78795b3f4a907d24f67f2cacf379756ef497f84ec2f5d9fe1c9ebe
docs/thesis_design/loan_valuations_2026-09-10/MPG_NORMALIZATION_DESIGN.md,93229aa4d25b5fc5b58bb58554e48ee7996c0d8594c978314aad068141a98e91
docs/thesis_design/loan_valuations_2026-09-10/OWNER_REQUEST.md,0b94b0777fce169c3be0c6bae9b442817e0f795e14a162a59f5c45b3aba8eba6
docs/thesis_design/standardized_reference_choice_2026-09-10/DECISION_AND_IMPLEMENTATION.md,0a6f1354326e2deff6c965716c54f9a83cd0c1fc381b9d9353fb4392ccb5b876
experiments/full_ladder_database_all_years_2026-05-20/data/ids_core_all_years/ids_730_DT_GPA_DPPG_page_1.json,77772208444b6cc19423e6c6916c4c44b4423bee69fae20648db4dc4849a71f6
experiments/full_ladder_database_all_years_2026-05-20/data/ids_core_all_years/ids_730_DT_INR_DPPG_page_1.json,202c935c7e40bf7806d024e2ed2b34132145b47c381f553bd147bf5fa89db0c4
experiments/full_ladder_database_all_years_2026-05-20/data/ids_core_all_years/ids_730_DT_MAT_DPPG_page_1.json,76ce7c6a3ed17da4965c27fd3f092f369afabf4e79b2fb52716104b40d132520
experiments/full_ladder_database_all_years_2026-05-20/data/ids_core_all_years/ids_901_DT_GPA_DPPG_page_1.json,1ce695215d75c7b4ccb0522c2c69d63d3e7955017ed96570b0c5dc56c2aa9bb4
experiments/full_ladder_database_all_years_2026-05-20/data/ids_core_all_years/ids_901_DT_INR_DPPG_page_1.json,3bbf51cff1aa40aa62d6781eeed2700a6694d243f82359468323583159c18832
experiments/full_ladder_database_all_years_2026-05-20/data/ids_core_all_years/ids_901_DT_MAT_DPPG_page_1.json,a690913aff0d3e2f5e60e0488c99c4ce2c64d5c82c2ed07839a58432ff70a369
experiments/full_ladder_database_all_years_2026-05-20/data/ids_core_all_years/ids_905_DT_GPA_DPPG_page_1.json,21eb4978d5e0c2b6b979b51d06702660b818c162a22d22697f32a25efe92a292
experiments/full_ladder_database_all_years_2026-05-20/data/ids_core_all_years/ids_905_DT_INR_DPPG_page_1.json,f650e05b3462b5f36fcaf8f82e8bd98866761a7c6e129e7d2eff01b9a464258b
experiments/full_ladder_database_all_years_2026-05-20/data/ids_core_all_years/ids_905_DT_MAT_DPPG_page_1.json,07425a39fd0c8fb7f0f817a3834438af2753b53ac2e39817511de98165191fca
renv.lock,2c98a7c131b5fe597acaaf75715abc2e7324df0efe3f65f4696ba63067fa8af0
sources/literature_review/ids_ge_conventions_20260911/saved_indicator_definition_extract.json,07304b0cd1544d3933a94a3ab1cd8c50483c739f6acbcbe0193446be28d06e62
sources/literature_review/ids_ge_conventions_20260911/source_ledger.csv,c79b7a147caf595d330a7057b703fd9050576641ce84cb4bfa1e263cb3f3d95a
sources/literature_review/loan_extension_feasibility_20260910/aiddata/AidDatas_CLG_LMIC_Dataset_v1.0.xlsx,e8774b10c3e2e40e9517b38e8300a846871027d602157522c776f1b9ffab0943
sources/literature_review/loan_extension_feasibility_20260910/mpg/extracted_manifest.csv,899cc4e22cce420b79b35ab0516016e7ce190fe11afb10686a3afbe73b9e982c
sources/literature_review/loan_extension_feasibility_20260910/mpg/extracted/dofiles/Chinese_World_Bank_Lending_Terms_Analysis_20200305_FINAL.do,a7419190cd5823b71ef0c8e6abc441112f0d28c2b817adac9ffb258b9b3ef6ab
sources/literature_review/loan_extension_feasibility_20260910/mpg/extracted/dofiles/Chinese_World_Bank_Lending_Terms_Appendices_20200302_FINAL.do,66a291ab57ece7c075d92075df872f8bb34ed2075f0a77ef28bc06217a8cbebf
sources/literature_review/loan_extension_feasibility_20260910/mpg/extracted/dofiles/Chinese_World_Bank_Lending_Terms_Database_Creation_20200228_FINAL.do,cae6c3e553f03cf9f7ec82966ac500c56c4debe8180971b1ccc79ca72ce5306d
sources/literature_review/loan_extension_feasibility_20260910/mpg/extracted/Full Dataset.csv,3642e574e85ea3b3fbdbb3f753779f00d318816678424ddf794625677168a5a1
sources/literature_review/loan_extension_feasibility_20260910/mpg/extracted/input/GlobalChineseOfficialFinanceDataset_v1.0.xlsx,46c416abacd83c6e29c1e8e47195a4f3e1a031336611222af2e32a4982ebfaaa
sources/literature_review/loan_extension_feasibility_20260910/mpg/extracted/input/Historical Income Categories.xls,1e38ad2f2516d2edbeb0a811700452e5b932953e8b9bc4ff38f715e0c960e3eb
sources/literature_review/loan_extension_feasibility_20260910/mpg/extracted/input/Historical Lending Categories.xls,804840fa420b14731fa2ada2146782aa631edd6babc8bc423cd6fc73d0a6bca3
sources/literature_review/loan_extension_feasibility_20260910/mpg/extracted/input/Historical LIBOR rates.xls,20d5961d5b30e6efa5ea06bcaf48d2f1bd16facc62f329499f63439391a65fce
sources/literature_review/loan_extension_feasibility_20260910/mpg/extracted/input/IBRD_Statement_of_Loans_-_Latest_Available_Snapshot.csv,8fce50cbd0d2a1d3de6ad283a1d61993433b3c0b6a271ffa64aa2fcbaff9f5d1
sources/literature_review/loan_extension_feasibility_20260910/mpg/extracted/input/IDA_Statement_of_Credits_and_Grants__-_Latest_Available_Snapshot.csv,a25b39f9751e0389d986aef479dccb720fd3d46abcd0521fb9e56757c01452a4
sources/literature_review/loan_extension_feasibility_20260910/mpg/extracted/input/World Bank FLR.xlsx,9073ebb4bb00028ed9f1ccfe3ea47fbb5ee6084922f1492d5bc241a30b9b5de3
sources/literature_review/loan_extension_feasibility_20260910/other_data/add_2025_paper.pdf,3ba96432460ac96347d7f65c4c13f4ec7df6170bc9c5a4a45fc8e6742ee74b92
sources/literature_review/loan_extension_feasibility_20260910/other_data/add_2025_paper.txt,dce9534df9451a0502d84604f8cfdefe3056e2a40c3900827024c9e88adffa25
sources/literature_review/loan_extension_feasibility_20260910/other_data/add_2026may_a.xlsx,15a40a57cb6e2af888ceedb7e9a4f76166a883e3472172bff8981f7e4882c128
sources/literature_review/loan_extension_feasibility_20260910/other_data/ida_codebook_web_extract.json,861adaa725f80fc79181b018234ae5ef85ebe66cbb6b4bdbe0880ab7db7c707d
sources/literature_review/loan_extension_feasibility_20260910/other_data/ida_terms_20221001.pdf,98df24af2ea783357ee5a56b5d90be9b7104c5dabbd5ee2fd28f300d5fbf35a0
sources/literature_review/lr3_deep_research_audit_2026-05-11/official_sources/one_priced_out_methodology.md,7f6e00470571a4464d6b09984c5cf49f05f4c93ed5414e6cc958679f8a79540c
sources/literature_review/statistical_review_20260911/cameron_miller_2015.pdf,bef4a50190bcc37677e49f5a4384b291c083b28d0d6a27665a79f70e2cf99526
sources/literature_review/statistical_review_20260911/cameron_miller_2015.txt,22ac9568f2fb8d493f757fb00355b39987152ba6efa16ee25b7db4ee9e49c198
sources/literature_review/statistical_review_20260911/mnw_2023_guide.pdf,55ab87a57b80b5b19a238955f7b08952ccc199de10a02aeb40088794023bb21c
sources/literature_review/statistical_review_20260911/mnw_2023_guide.txt,a58f1e00c7e1aa02c98edd8293fe5c86d6e7695e4888b636af45d6ed0fdcb8ae
sources/literature_review/statistical_review_20260911/source_ledger.csv,47af7c838d17c5403de80de4f627b386e625e9eef5542bce9341c9c97cc955f2
sources/literature_review/thesis_concepts_20260911/extracted/open_budget_index_2012_2024_available_rounds.csv,c59be232fdd3b2c9f6e4b3a4bd12b5b48a916910c2b3bd19d3870297a5c54f0c
sources/literature_review/thesis_concepts_20260911/extracted/wgi_regulatory_quality_2012_2024.csv,602f893aad9cc0575aed1ca8d73414696b20eef1f9f432c64ba5fe91f3840f72
sources/literature_review/thesis_concepts_20260911/originals/gbohoui_ouedraogo_some_2023.pdf,ad7a2d47318dd1ec9eb919e437c088f75c2947111f80f177d264a865eef7a544
sources/literature_review/thesis_concepts_20260911/originals/obs_full_timeseries_2006_2025.xlsx,3986157acb14a571b751bb00d49f7fcaa162179def9933ca8e08b53aab05e286
sources/literature_review/thesis_concepts_20260911/originals/wgi_regulatory_quality_current_2012_2024.json,1bb4ee64b8a458041b131dc19687a09cef20d1d379a33946922bc543607907eb
sources/literature_review/thesis_concepts_20260911/source_ledger.csv,58980a8c279e2854f699e4a90cd0e15876aa4ec1ae020444c15835fa9b61c36f
sources/official_terms/oecd_dac_lists_20260908/dac_2012-13.pdf,0648aec5833c02334dbabf731f8d2940ad1cbf45cabe80bb6a4ade2868b9cece
sources/official_terms/oecd_dac_lists_20260908/dac_2014-17.pdf,6ac5c0bcbe7c5d458fca909b5d582d8470c5f97129910766ae67c568f9d67f08
sources/official_terms/oecd_dac_lists_20260908/dac_2018-19.pdf,31b0931b7417ad5bfadfa46a9af65e2227cbaebdbc5759f3ba266702eb4dcf65
sources/official_terms/oecd_dac_lists_20260908/dac_2020.pdf,7d01a499a21e1504ff251233cecf819643720892408f3e1c9aa47f8cb56cbb80
sources/official_terms/oecd_dac_lists_20260908/dac_2021.csv,39b92f8f7be12c93a009e2d0aa76ec4d6e29813847784002a6fbfbc1576825a1
sources/official_terms/oecd_dac_lists_20260908/dac_2021.pdf,a7e0bdb2ff305425c776ba4c0450078d729ff1a9e5c03f439990364dcbd63dd7
sources/official_terms/oecd_dac_lists_20260908/dac_2022-23.csv,1d0cb8f3a5248ed5dd4070d240e7651b4c0fb47e59699c1e48fe68e6cc8ff25a
sources/official_terms/oecd_dac_lists_20260908/dac_2022-23.pdf,50d0104a2874769a31c8f2ff43ee9200fb39b8928d682ab860daedec973ddbc3
sources/official_terms/oecd_dac_lists_20260908/dac_2024.csv,9667ed3dfcdf7d58076e82ef7a21e0b5f24627dc67ec44e2e69b0450f6365daa
sources/official_terms/oecd_dac_lists_20260908/dac_2024.pdf,9594d4ab4f72da17e60be6c9454a3fa73bed44ede17f0f49154db768f3d02153
sources/official_terms/oecd_dac_lists_20260908/source_manifest.csv,a88679edc7f51671e96aedbf56afecb5dc8c8463b713c3e6e52e605571aed948
